"STATION","DATE","LATITUDE","LONGITUDE","ELEVATION","NAME","TEMP","TEMP_ATTRIBUTES","DEWP","DEWP_ATTRIBUTES","SLP","SLP_ATTRIBUTES","STP","STP_ATTRIBUTES","VISIB","VISIB_ATTRIBUTES","WDSP","WDSP_ATTRIBUTES","MXSPD","GUST","MAX","MAX_ATTRIBUTES","MIN","MIN_ATTRIBUTES","PRCP","PRCP_ATTRIBUTES","SNDP","FRSHTT"
"72503014732","1975-01-01","40.77945","-73.88027","3.0","LAGUARDIA AIRPORT, NY US","  37.7","23","  31.5","23","1011.8","23","010.7","23","  8.1","23","  6.8","23"," 11.8","999.9","  44.1"," ","  32.0"," "," 0.31","G","999.9","111000"
"72503014732","1975-01-02","40.77945","-73.88027","3.0","LAGUARDIA AIRPORT, NY US","  37.5","24","  26.6","24","1017.1","24","016.0","24"," 14.7","24"," 14.3","24"," 22.9"," 28.9","  43.0"," ","  34.0"," "," 0.02","G","999.9","010000"
"72503014732","1975-01-03","40.77945","-73.88027","3.0","LAGUARDIA AIRPORT, NY US","  31.2","24","  18.2","23","1024.3","24","023.2","24"," 12.8","24","  7.8","24"," 14.0","999.9","  37.9"," ","  26.1"," "," 0.00","G","999.9","011000"
"72503014732","1975-01-04","40.77945","-73.88027","3.0","LAGUARDIA AIRPORT, NY US","  41.1","23","  26.9","23","1014.3","23","013.2","23"," 13.9","23","  9.3","23"," 12.8"," 16.9","  46.0","*","  37.9","*"," 0.02","G","999.9","000000"
"72503014732","1975-01-05","40.77945","-73.88027","3.0","LAGUARDIA AIRPORT, NY US","  38.3","24","  25.6","24","1022.4","24","021.3","24"," 14.4","24","  9.5","24"," 14.0","999.9","  46.0"," ","  36.0"," "," 0.00","G","999.9","000000"
"72503014732","1975-01-06","40.77945","-73.88027","3.0","LAGUARDIA AIRPORT, NY US","  33.9","23","  22.0","23","1031.2","23","030.1","23"," 14.6","23","  7.3","23"," 11.8"," 17.9","  43.0"," ","  28.0"," "," 0.00","G","999.9","000000"
"72503014732","1975-01-07","40.77945","-73.88027","3.0","LAGUARDIA AIRPORT, NY US","  39.9","24","  33.9","24","1018.8","24","017.7","24","  9.2","24"," 10.7","24"," 14.0"," 22.0","  45.0","*","  28.0"," "," 0.51","G","999.9","111000"
"72503014732","1975-01-08","40.77945","-73.88027","3.0","LAGUARDIA AIRPORT, NY US","  40.4","24","  32.1","24","1022.9","24","021.8","24"," 10.2","24","  6.4","24"," 11.8","999.9","  46.0","*","  35.1"," "," 0.39","G","999.9","000000"
"72503014732","1975-01-09","40.77945","-73.88027","3.0","LAGUARDIA AIRPORT, NY US","  45.9","24","  40.8","24","1010.3","24","009.2","24","  8.1","24"," 12.3","24"," 20.0"," 30.9","  50.0"," ","  35.1"," "," 0.63","G","999.9","110000"
"72503014732","1975-01-10","40.77945","-73.88027","3.0","LAGUARDIA AIRPORT, NY US","  40.9","24","  37.3","24","1022.8","24","021.7","24"," 11.4","24","  5.9","24"," 11.1","999.9","  50.0"," ","  37.9"," "," 0.59","G","999.9","000000"
"72503014732","1975-01-11","40.77945","-73.88027","3.0","LAGUARDIA AIRPORT, NY US","  51.6","24","  48.1","24","1015.4","24","014.3","24","  5.7","24"," 10.7","23"," 16.9"," 22.9","  59.0","*","  39.0"," "," 0.08","G","999.9","110000"
"72503014732","1975-01-12","40.77945","-73.88027","3.0","LAGUARDIA AIRPORT, NY US","  52.4","24","  35.0","24","1018.8","24","017.7","24"," 13.4","24","  8.0","24"," 15.0"," 21.0","  62.1"," ","  44.1"," "," 0.01","G","999.9","111000"
"72503014732","1975-01-13","40.77945","-73.88027","3.0","LAGUARDIA AIRPORT, NY US","  38.4","24","  31.7","24","1013.0","24","011.9","24","  7.5","24","  9.2","24"," 14.0","999.9","  60.1"," ","  33.1","*"," 0.67","G","999.9","111000"
"72503014732","1975-01-14","40.77945","-73.88027","3.0","LAGUARDIA AIRPORT, NY US","  28.2","24","  21.9","24","1012.3","24","011.2","24"," 12.8","24"," 12.1","24"," 15.9"," 22.0","  41.0"," ","  24.1","*"," 0.75","G","999.9","101000"
"72503014732","1975-01-15","40.77945","-73.88027","3.0","LAGUARDIA AIRPORT, NY US","  22.4","24","  12.3","24","1020.2","24","019.2","24"," 14.1","24"," 10.4","24"," 15.9"," 22.0","  30.9"," ","  18.0"," "," 0.04","G","999.9","000000"
"72503014732","1975-01-16","40.77945","-73.88027","3.0","LAGUARDIA AIRPORT, NY US","  30.5","24","  14.7","24","1021.1","24","020.0","24"," 11.6","24"," 11.5","24"," 17.1"," 23.9","  36.0","*","  18.0"," "," 0.00","G","999.9","000000"
"72503014732","1975-01-17","40.77945","-73.88027","3.0","LAGUARDIA AIRPORT, NY US","  28.1","24","  13.4","24","1028.3","24","027.3","24"," 14.9","24"," 13.2","24"," 19.0"," 25.8","  36.0"," ","  24.1"," "," 0.00","I","999.9","000000"
"72503014732","1975-01-18","40.77945","-73.88027","3.0","LAGUARDIA AIRPORT, NY US","  33.8","24","  20.7","24","1027.7","24","026.6","24"," 11.7","24","  9.8","24"," 18.1"," 30.9","  46.0","*","  24.1"," "," 0.00","G","999.9","110000"
"72503014732","1975-01-19","40.77945","-73.88027","3.0","LAGUARDIA AIRPORT, NY US","  42.6","23","  37.1","23","1010.9","23","009.8","23","  9.7","23"," 10.9","23"," 15.0"," 24.9","  48.9"," ","  26.1"," "," 0.71","G","999.9","010000"
"72503014732","1975-01-20","40.77945","-73.88027","3.0","LAGUARDIA AIRPORT, NY US","  30.6","24","  25.5","24","1013.9","24","012.8","24","  6.7","24"," 10.8","24"," 17.9"," 23.9","  48.9"," ","  20.1","*"," 0.43","G"," 36.2","011000"
"72503014732","1975-01-21","40.77945","-73.88027","3.0","LAGUARDIA AIRPORT, NY US","  20.1","23","  11.5","23","1028.8","23","027.6","23"," 11.2","23","  8.4","23"," 11.1","999.9","  37.9"," ","  14.0"," "," 0.02","G","999.9","000000"
"72503014732","1975-01-22","40.77945","-73.88027","3.0","LAGUARDIA AIRPORT, NY US","  33.3","23","  25.4","23","1029.6","23","028.5","23","  6.6","23","  6.8","23"," 11.8"," 22.9","  41.0","*","  14.0"," "," 0.00","G","999.9","000000"
"72503014732","1975-01-23","40.77945","-73.88027","3.0","LAGUARDIA AIRPORT, NY US","  35.4","24","  24.1","24","1030.2","24","029.2","24"," 10.3","24","  6.5","24"," 10.1","999.9","  41.0"," ","  30.0"," "," 0.00","G","999.9","000000"
"72503014732","1975-01-24","40.77945","-73.88027","3.0","LAGUARDIA AIRPORT, NY US","  39.0","22","  26.7","22","1021.3","22","020.2","22","  6.0","22","  8.6","22"," 12.0","999.9","  48.9","*","  30.9"," "," 0.00","I","999.9","000000"
"72503014732","1975-01-25","40.77945","-73.88027","3.0","LAGUARDIA AIRPORT, NY US","  41.6","24","  35.1","24","1004.8","24","003.8","24","  4.0","24","  7.3","24"," 14.0"," 17.9","  48.9"," ","  32.0"," "," 0.39","B","999.9","110000"
"72503014732","1975-01-26","40.77945","-73.88027","3.0","LAGUARDIA AIRPORT, NY US","  44.1","24","  32.9","24"," 991.9","24","990.8","24"," 14.2","24"," 17.1","24"," 26.0"," 35.0","  52.0"," ","  37.9"," "," 0.31","B","999.9","110000"
"72503014732","1975-01-27","40.77945","-73.88027","3.0","LAGUARDIA AIRPORT, NY US","  36.4","23","  23.5","23","1014.8","23","013.7","23"," 14.9","23"," 13.2","23"," 19.8"," 29.9","  44.1"," ","  34.0","*"," 0.00","I","999.9","000000"
"72503014732","1975-01-28","40.77945","-73.88027","3.0","LAGUARDIA AIRPORT, NY US","  37.4","24","  21.8","24","1025.7","24","024.6","24"," 11.0","24","  6.3","24"," 10.1","999.9","  39.9"," ","  34.0"," "," 0.00","I","999.9","000000"
"72503014732","1975-01-29","40.77945","-73.88027","3.0","LAGUARDIA AIRPORT, NY US","  39.9","24","  32.8","24","1014.4","24","013.3","24","  5.1","24","  6.6","24"," 17.1"," 22.0","  48.9","*","  35.1"," "," 0.51","B","999.9","110000"
"72503014732","1975-01-30","40.77945","-73.88027","3.0","LAGUARDIA AIRPORT, NY US","  41.2","23","  27.7","23","1013.8","23","012.7","23"," 14.3","23"," 16.6","23"," 24.9"," 42.0","  57.0"," ","  34.0"," "," 0.00","I","999.9","000000"
"72503014732","1975-01-31","40.77945","-73.88027","3.0","LAGUARDIA AIRPORT, NY US","  31.1","24","  19.1","24","1028.3","24","027.2","24"," 10.6","24","  6.2","24"," 10.9","999.9","  44.1"," ","  28.9"," ","99.99"," ","999.9","001000"
"72503014732","1975-02-01","40.77945","-73.88027","3.0","LAGUARDIA AIRPORT, NY US","  32.0","24","  17.0","24","1031.9","24","030.9","24"," 11.5","24","  5.1","24","  8.9","999.9","  35.1","*","  28.9"," ","99.99"," ","999.9","001000"
"72503014732","1975-02-02","40.77945","-73.88027","3.0","LAGUARDIA AIRPORT, NY US","  30.3","24","   6.0","23","1031.5","24","030.5","24"," 18.4","24","  7.2","24"," 10.9","999.9","  35.1"," ","  15.3","*"," 0.00","I","999.9","000000"
"72503014732","1975-02-03","40.77945","-73.88027","3.0","LAGUARDIA AIRPORT, NY US","  31.3","24","  11.9","24","1030.1","24","029.2","24"," 14.3","24"," 12.1","24"," 15.9","999.9","  39.0","*","  26.1","*"," 0.00","I","999.9","000000"
"72503014732","1975-02-04","40.77945","-73.88027","3.0","LAGUARDIA AIRPORT, NY US","  25.2","24","   2.8","24","1037.9","24","036.9","24"," 13.8","24","  8.1","24"," 14.0","999.9","  39.0"," ","  19.9"," "," 0.00","I","999.9","000000"
"72503014732","1975-02-05","40.77945","-73.88027","3.0","LAGUARDIA AIRPORT, NY US","  30.1","24","  22.4","24","1022.0","24","021.0","24","  4.1","24"," 11.7","24"," 17.9","999.9","  34.0"," ","  19.9"," "," 0.24","B","999.9","111000"
"72503014732","1975-02-06","40.77945","-73.88027","3.0","LAGUARDIA AIRPORT, NY US","  36.3","24","  31.6","24","1004.4","24","003.4","24","  4.9","24","  7.3","24"," 12.8","999.9","  44.1","*","  25.0"," "," 0.12","B","999.9","111000"
"72503014732","1975-02-07","40.77945","-73.88027","3.0","LAGUARDIA AIRPORT, NY US","  38.3","24","  26.7","24","1007.3","24","006.3","24"," 12.9","24","  9.6","24"," 15.9","999.9","  44.1"," ","  32.0"," "," 0.00","I","999.9","000000"
"72503014732","1975-02-08","40.77945","-73.88027","3.0","LAGUARDIA AIRPORT, NY US","  28.6","24","  10.0","24","1018.1","24","017.1","24"," 14.4","23"," 11.7","23"," 15.9","999.9","  39.9"," ","  23.0"," "," 0.00","I","999.9","000000"
"72503014732","1975-02-09","40.77945","-73.88027","3.0","LAGUARDIA AIRPORT, NY US","  32.7","24","  19.5","24","1015.8","24","014.8","24"," 10.5","24","  8.2","24"," 17.9","999.9","  36.0"," ","  23.0"," ","99.99"," ","999.9","101000"
"72503014732","1975-02-10","40.77945","-73.88027","3.0","LAGUARDIA AIRPORT, NY US","  21.4","24","   4.4","24","1025.4","24","024.3","24"," 14.5","24"," 10.4","24"," 14.0","999.9","  35.1"," ","  16.0"," "," 0.00","I","999.9","000000"
"72503014732","1975-02-11","40.77945","-73.88027","3.0","LAGUARDIA AIRPORT, NY US","  30.2","24","  14.0","24","1018.2","24","017.2","24","  8.8","24","  6.1","24"," 10.1","999.9","  37.9","*","  16.0"," "," 0.00","I","999.9","000000"
"72503014732","1975-02-12","40.77945","-73.88027","3.0","LAGUARDIA AIRPORT, NY US","  26.7","24","  18.0","24","1013.9","24","012.9","24","  7.7","24"," 10.9","24"," 15.0","999.9","  37.9"," ","  21.0"," "," 0.24","A","999.9","101000"
"72503014732","1975-02-13","40.77945","-73.88027","3.0","LAGUARDIA AIRPORT, NY US","  25.6","24","  13.1","24","1009.4","24","008.4","24"," 11.3","24"," 11.3","24"," 17.9","999.9","  30.2","*","  19.0"," "," 0.12","A","999.9","001000"
"72503014732","1975-02-14","40.77945","-73.88027","3.0","LAGUARDIA AIRPORT, NY US","  27.5","23","  12.5","23","1015.8","23","014.8","23"," 14.8","23"," 12.4","23"," 17.1","999.9","  37.0","*","  21.9"," "," 0.00","I","  3.9","000000"
"72503014732","1975-02-15","40.77945","-73.88027","3.0","LAGUARDIA AIRPORT, NY US","  33.5","24","  20.0","24","1024.8","24","023.8","24"," 12.5","24","  7.3","24"," 11.1","999.9","  39.0","*","  21.9"," "," 0.00","I","  2.0","000000"
"72503014732","1975-02-16","40.77945","-73.88027","3.0","LAGUARDIA AIRPORT, NY US","  39.1","24","  32.7","24","1021.0","24","019.9","24","  7.2","24","  4.9","24","  8.0","999.9","  43.0"," ","  30.0"," ","99.99"," ","999.9","110000"
"72503014732","1975-02-17","40.77945","-73.88027","3.0","LAGUARDIA AIRPORT, NY US","  38.9","24","  33.1","24","1020.7","24","019.7","24","  6.8","24","  8.7","24"," 15.0","999.9","  43.0"," ","  36.0"," "," 0.02","B","999.9","110000"
"72503014732","1975-02-18","40.77945","-73.88027","3.0","LAGUARDIA AIRPORT, NY US","  38.3","24","  34.2","24","1014.8","24","013.8","24","  4.2","24","  8.4","24"," 14.0","999.9","  46.0","*","  30.9"," "," 0.28","B","999.9","110000"
"72503014732","1975-02-19","40.77945","-73.88027","3.0","LAGUARDIA AIRPORT, NY US","  43.5","24","  37.2","24","1005.6","24","004.6","24","  5.2","24","  8.3","24"," 14.0","999.9","  48.9","*","  35.1"," "," 0.12","A","999.9","110000"
"72503014732","1975-02-20","40.77945","-73.88027","3.0","LAGUARDIA AIRPORT, NY US","  39.5","24","  24.5","24","1013.3","24","012.3","24"," 13.3","24"," 10.0","24"," 16.9","999.9","  48.9"," ","  36.0","*","99.99"," ","999.9","010000"
"72503014732","1975-02-21","40.77945","-73.88027","3.0","LAGUARDIA AIRPORT, NY US","  40.1","24","  23.1","24","1020.4","24","019.4","24"," 11.2","24","  9.0","24"," 15.0","999.9","  48.0","*","  35.1"," "," 0.00","I","999.9","000000"
"72503014732","1975-02-22","40.77945","-73.88027","3.0","LAGUARDIA AIRPORT, NY US","  45.3","24","  27.8","24","1027.2","24","026.2","24"," 11.1","24","  6.7","24"," 14.0","999.9","  55.0","*","  35.1"," "," 0.00","I","999.9","000000"
"72503014732","1975-02-23","40.77945","-73.88027","3.0","LAGUARDIA AIRPORT, NY US","  46.3","24","  39.2","24","1015.9","24","014.9","24","  6.2","24","  6.2","24"," 14.0","999.9","  55.0"," ","  39.0"," "," 0.35","A","999.9","110000"
"72503014732","1975-02-24","40.77945","-73.88027","3.0","LAGUARDIA AIRPORT, NY US","  43.5","24","  41.7","24","1009.5","24","008.5","24","  1.5","24","  9.1","24"," 13.0","999.9","  53.1"," ","  41.0"," "," 0.91","C","999.9","110000"
"72503014732","1975-02-25","40.77945","-73.88027","3.0","LAGUARDIA AIRPORT, NY US","  44.6","23","  34.9","23","1000.5","23","999.6","23","  8.4","23"," 12.2","23"," 19.8","999.9","  48.9","*","  39.9"," "," 0.91","C","999.9","110000"
"72503014732","1975-02-26","40.77945","-73.88027","3.0","LAGUARDIA AIRPORT, NY US","  44.4","23","  20.5","23","1007.7","23","006.7","23"," 14.9","23"," 16.6","23"," 22.0","999.9","  48.9"," ","  39.9"," "," 0.24","A","999.9","000000"
"72503014732","1975-02-27","40.77945","-73.88027","3.0","LAGUARDIA AIRPORT, NY US","  42.6","23","  17.1","23","1014.7","23","013.7","23"," 14.9","23"," 13.3","23"," 17.9","999.9","  48.9"," ","  37.9"," "," 0.00","I","999.9","000000"
"72503014732","1975-02-28","40.77945","-73.88027","3.0","LAGUARDIA AIRPORT, NY US","  37.4","24","  19.0","24","1015.5","24","014.5","24"," 14.0","24","  8.9","24"," 15.0","999.9","  46.0"," ","  30.9"," "," 0.00","I","999.9","000000"
"72503014732","1975-03-01","40.77945","-73.88027","3.0","LAGUARDIA AIRPORT, NY US","  39.0","24","  24.7","24","1005.1","24","004.1","24"," 13.0","24","  8.6","24"," 15.9"," 17.9","  43.0"," ","  30.9"," ","99.99"," ","999.9","010000"
"72503014732","1975-03-02","40.77945","-73.88027","3.0","LAGUARDIA AIRPORT, NY US","  33.6","24","  14.2","24","1001.4","24","000.3","24"," 14.9","24","  9.4","24"," 15.9"," 19.8","  43.0"," ","  28.9"," "," 0.00","I","999.9","000000"
"72503014732","1975-03-03","40.77945","-73.88027","3.0","LAGUARDIA AIRPORT, NY US","  30.2","24","  12.5","24","1003.8","24","002.8","24"," 14.9","24"," 13.7","24"," 17.9"," 24.9","  37.9"," ","  26.1"," "," 0.00","I","999.9","000000"
"72503014732","1975-03-04","40.77945","-73.88027","3.0","LAGUARDIA AIRPORT, NY US","  28.7","24","   9.2","24","1012.2","24","011.1","24"," 14.9","24"," 14.2","24"," 18.1"," 28.0","  37.0","*","  24.1"," "," 0.00","I","999.9","000000"
"72503014732","1975-03-05","40.77945","-73.88027","3.0","LAGUARDIA AIRPORT, NY US","  33.4","24","  12.7","24","1020.9","24","019.8","24"," 14.9","24","  8.9","24"," 12.0","999.9","  39.9","*","  24.1"," "," 0.00","I","999.9","000000"
"72503014732","1975-03-06","40.77945","-73.88027","3.0","LAGUARDIA AIRPORT, NY US","  42.2","24","  24.3","24","1019.7","24","018.6","24"," 11.6","24","  9.0","24"," 15.0"," 22.9","  54.0","*","  34.0","*"," 0.00","I","999.9","000000"
"72503014732","1975-03-07","40.77945","-73.88027","3.0","LAGUARDIA AIRPORT, NY US","  44.6","24","  29.6","24","1015.7","24","014.7","24"," 10.7","24","  7.7","24"," 15.0"," 22.9","  55.0"," ","  34.0"," ","99.99"," ","999.9","110000"
"72503014732","1975-03-08","40.77945","-73.88027","3.0","LAGUARDIA AIRPORT, NY US","  42.1","24","  29.7","24","1001.1","24","000.0","24"," 10.5","24"," 14.3","24"," 21.0"," 29.9","  51.1"," ","  32.0","*"," 0.12","B","999.9","110000"
"72503014732","1975-03-09","40.77945","-73.88027","3.0","LAGUARDIA AIRPORT, NY US","  25.2","24","   0.7","24","1018.1","24","017.0","24"," 14.9","24"," 15.5","24"," 25.8"," 32.8","  50.0"," ","  18.0"," "," 0.00","I","999.9","000000"
"72503014732","1975-03-10","40.77945","-73.88027","3.0","LAGUARDIA AIRPORT, NY US","  33.9","24","  11.6","23","1022.9","24","021.8","24"," 11.0","24","  7.6","23"," 13.0"," 22.0","  42.1"," ","  18.0"," ","99.99"," ","999.9","001000"
"72503014732","1975-03-11","40.77945","-73.88027","3.0","LAGUARDIA AIRPORT, NY US","  35.8","23","  30.2","23","1021.3","23","020.2","23","  8.5","23","  7.0","23"," 10.9","999.9","  42.1"," ","  28.0"," "," 0.06","B","999.9","111100"
"72503014732","1975-03-12","40.77945","-73.88027","3.0","LAGUARDIA AIRPORT, NY US","  41.0","24","  33.4","24","1024.1","24","023.0","24","  8.0","24","  9.1","24"," 14.0"," 19.8","  45.0","*","  34.0"," "," 0.16","A","999.9","110000"
"72503014732","1975-03-13","40.77945","-73.88027","3.0","LAGUARDIA AIRPORT, NY US","  46.1","24","  40.1","24","1011.4","24","010.3","24","  5.2","24","  8.6","24"," 15.9"," 22.9","  52.0"," ","  39.0"," "," 0.40","B","999.9","110000"
"72503014732","1975-03-14","40.77945","-73.88027","3.0","LAGUARDIA AIRPORT, NY US","  35.3","24","  21.5","24","1020.2","24","019.1","24","  8.4","24"," 13.4","24"," 18.8"," 26.8","  52.0"," ","  32.0","*","99.99"," ","999.9","111000"
"72503014732","1975-03-15","40.77945","-73.88027","3.0","LAGUARDIA AIRPORT, NY US","  33.8","24","  24.2","24","1015.4","24","014.3","24"," 10.5","24"," 13.1","24"," 19.8"," 26.8","  42.1","*","  28.9"," "," 0.28","B","999.9","111000"
"72503014732","1975-03-16","40.77945","-73.88027","3.0","LAGUARDIA AIRPORT, NY US","  38.4","24","  19.2","24","1029.2","24","028.1","24"," 12.1","24","  7.1","24"," 11.8","999.9","  46.9","*","  28.9"," "," 0.00","I","999.9","000000"
"72503014732","1975-03-17","40.77945","-73.88027","3.0","LAGUARDIA AIRPORT, NY US","  43.7","24","  27.3","24","1024.9","24","023.8","24"," 11.9","24","  8.2","24"," 15.0","999.9","  52.0","*","  32.0"," "," 0.00","I","999.9","000000"
"72503014732","1975-03-18","40.77945","-73.88027","3.0","LAGUARDIA AIRPORT, NY US","  40.7","22","  28.2","22","1030.8","22","029.7","22"," 12.6","22","  6.9","22"," 15.0","999.9","  52.0"," ","  34.0"," "," 0.00","I","999.9","000000"
"72503014732","1975-03-19","40.77945","-73.88027","3.0","LAGUARDIA AIRPORT, NY US","  45.6","24","  38.2","24","1016.8","24","015.7","24","  8.1","24"," 13.0","24"," 21.0"," 42.0","  55.9"," ","  34.0"," ","99.99"," ","999.9","110000"
"72503014732","1975-03-20","40.77945","-73.88027","3.0","LAGUARDIA AIRPORT, NY US","  49.0","23","  43.5","23"," 993.9","23","992.9","23","  6.8","23"," 14.1","23"," 22.0"," 35.0","  55.9"," ","  37.9"," "," 0.89","D","999.9","110000"
"72503014732","1975-03-21","40.77945","-73.88027","3.0","LAGUARDIA AIRPORT, NY US","  43.2","24","  20.6","24","1008.7","24","007.5","24"," 14.9","24"," 13.1","24"," 22.0"," 34.0","  53.1"," ","  30.2","*"," 0.16","A","999.9","000000"
"72503014732","1975-03-22","40.77945","-73.88027","3.0","LAGUARDIA AIRPORT, NY US","  46.2","24","  28.4","24","1009.6","24","008.5","24"," 13.3","24","  7.0","24"," 13.0","999.9","  52.0"," ","  37.0"," "," 0.00","A","999.9","110000"
"72503014732","1975-03-23","40.77945","-73.88027","3.0","LAGUARDIA AIRPORT, NY US","  49.4","22","  34.6","22","1004.6","22","003.5","22"," 12.5","22"," 10.9","22"," 17.1"," 26.8","  55.0","*","  39.9"," "," 0.04","A","999.9","110000"
"72503014732","1975-03-24","40.77945","-73.88027","3.0","LAGUARDIA AIRPORT, NY US","  44.6","23","  33.1","23","1011.7","23","010.7","23","  9.7","23","  6.8","23"," 13.0","999.9","  55.0"," ","  42.1"," "," 0.08","A","999.9","110000"
"72503014732","1975-03-25","40.77945","-73.88027","3.0","LAGUARDIA AIRPORT, NY US","  49.2","23","  40.5","23","1001.9","23","000.8","23","  3.3","23","  5.8","23"," 15.0","999.9","  62.1","*","  41.0"," "," 0.16","B","999.9","110000"
"72503014732","1975-03-26","40.77945","-73.88027","3.0","LAGUARDIA AIRPORT, NY US","  41.8","23","  24.5","23","1013.1","23","012.1","23"," 14.5","23"," 14.0","23"," 22.0"," 32.8","  62.1"," ","  32.0","*","99.99"," ","999.9","010000"
"72503014732","1975-03-27","40.77945","-73.88027","3.0","LAGUARDIA AIRPORT, NY US","  29.7","23","   7.8","23","1028.1","23","027.0","23"," 14.9","23"," 13.8","23"," 18.1"," 25.8","  46.0"," ","  24.1"," "," 0.00","I","999.9","000000"
"72503014732","1975-03-28","40.77945","-73.88027","3.0","LAGUARDIA AIRPORT, NY US","  33.6","24","   5.5","24","1025.2","24","024.2","24"," 14.8","24"," 10.9","24"," 15.0"," 22.9","  48.9","*","  24.1"," "," 0.00","I","999.9","000000"
"72503014732","1975-03-29","40.77945","-73.88027","3.0","LAGUARDIA AIRPORT, NY US","  40.2","24","  22.0","24","1014.8","24","013.7","24"," 11.4","24","  6.5","24"," 12.0","999.9","  48.9"," ","  24.1"," "," 0.08","A","999.9","010000"
"72503014732","1975-03-30","40.77945","-73.88027","3.0","LAGUARDIA AIRPORT, NY US","  43.4","22","  35.3","22"," 998.9","22","997.8","22","  6.8","22","  4.9","21"," 12.8"," 21.0","  48.9","*","  37.0"," "," 0.39","B","999.9","110000"
"72503014732","1975-03-31","40.77945","-73.88027","3.0","LAGUARDIA AIRPORT, NY US","  37.5","23","  16.1","23","1007.9","23","006.8","23"," 14.9","23"," 15.8","23"," 22.0"," 31.9","  48.9"," ","  32.0"," "," 0.00","I","999.9","000000"
"72503014732","1975-04-01","40.77945","-73.88027","3.0","LAGUARDIA AIRPORT, NY US","  49.1","24","  24.9","24","1014.0","24","013.0","24"," 11.4","24","  9.7","24"," 14.0"," 19.8","  64.0","*","  28.0"," "," 0.00","I","999.9","000000"
"72503014732","1975-04-02","40.77945","-73.88027","3.0","LAGUARDIA AIRPORT, NY US","  45.7","24","  26.9","24","1017.2","24","016.2","24"," 12.3","24","  8.8","24"," 12.0","999.9","  64.0"," ","  37.0","*"," 0.00","I","999.9","000000"
"72503014732","1975-04-03","40.77945","-73.88027","3.0","LAGUARDIA AIRPORT, NY US","  46.7","24","  36.9","24"," 995.2","24","994.2","24","  8.4","24"," 14.5","23"," 26.0"," 37.9","  53.1"," ","  37.0"," "," 0.91","B","999.9","110000"
"72503014732","1975-04-04","40.77945","-73.88027","3.0","LAGUARDIA AIRPORT, NY US","  33.8","23","  15.0","23"," 992.0","23","991.0","23"," 14.9","23"," 20.8","23"," 24.9"," 43.9","  53.1"," ","  30.9"," ","99.99"," ","999.9","001000"
"72503014732","1975-04-05","40.77945","-73.88027","3.0","LAGUARDIA AIRPORT, NY US","  32.3","24","  15.3","24","1004.9","24","003.8","24"," 14.7","24"," 17.3","24"," 24.1"," 35.9","  39.9","*","  28.0"," "," 0.00","I","999.9","000000"
"72503014732","1975-04-06","40.77945","-73.88027","3.0","LAGUARDIA AIRPORT, NY US","  36.8","24","  20.8","24","1007.3","24","006.2","24"," 15.1","24"," 15.0","24"," 19.8"," 25.8","  41.0"," ","  28.0"," "," 0.00","I","999.9","000000"
"72503014732","1975-04-07","40.77945","-73.88027","3.0","LAGUARDIA AIRPORT, NY US","  35.7","24","  18.6","24","1009.2","24","008.2","24"," 14.9","24"," 13.3","24"," 19.0"," 28.9","  45.0","*","  30.0"," "," 0.00","I","999.9","000000"
"72503014732","1975-04-08","40.77945","-73.88027","3.0","LAGUARDIA AIRPORT, NY US","  37.6","24","  20.0","24","1012.7","24","011.5","24"," 14.9","24"," 13.4","24"," 17.1"," 24.9","  46.0","*","  30.0"," "," 0.00","I","999.9","000000"
"72503014732","1975-04-09","40.77945","-73.88027","3.0","LAGUARDIA AIRPORT, NY US","  40.1","23","  20.0","23","1015.7","23","014.6","23"," 14.8","23"," 12.0","23"," 15.9"," 22.0","  50.0","*","  32.0"," "," 0.00","I","999.9","000000"
"72503014732","1975-04-10","40.77945","-73.88027","3.0","LAGUARDIA AIRPORT, NY US","  41.2","24","  20.2","24","1015.0","24","013.9","24"," 14.3","24","  8.7","24"," 14.0"," 21.0","  53.1","*","  33.1"," "," 0.00","I","999.9","000000"
"72503014732","1975-04-11","40.77945","-73.88027","3.0","LAGUARDIA AIRPORT, NY US","  44.4","23","  20.5","23","1012.4","23","011.3","23"," 13.7","23","  7.7","23"," 15.0"," 22.0","  53.1"," ","  33.1"," "," 0.00","I","999.9","000000"
"72503014732","1975-04-12","40.77945","-73.88027","3.0","LAGUARDIA AIRPORT, NY US","  43.0","24","  16.5","24","1012.6","24","011.6","24"," 13.9","24","  7.6","24"," 12.8","999.9","  53.1"," ","  36.0"," "," 0.00","I","999.9","000000"
"72503014732","1975-04-13","40.77945","-73.88027","3.0","LAGUARDIA AIRPORT, NY US","  40.4","24","  17.6","24","1019.3","24","018.2","24"," 14.9","24"," 12.0","24"," 15.9"," 21.0","  50.0"," ","  35.1"," "," 0.00","I","999.9","000000"
"72503014732","1975-04-14","40.77945","-73.88027","3.0","LAGUARDIA AIRPORT, NY US","  43.6","23","  21.8","23","1025.3","23","024.2","23"," 14.5","23","  9.0","23"," 14.0"," 19.8","  55.9","*","  35.1"," "," 0.00","I","999.9","000000"
"72503014732","1975-04-15","40.77945","-73.88027","3.0","LAGUARDIA AIRPORT, NY US","  45.1","24","  32.2","24","1018.0","24","016.9","24","  7.0","24","  8.0","24","  9.9","999.9","  55.9"," ","  36.0"," ","99.99"," ","999.9","010000"
"72503014732","1975-04-16","40.77945","-73.88027","3.0","LAGUARDIA AIRPORT, NY US","  49.1","22","  30.4","21","1011.8","22","010.7","22"," 11.9","22","  9.5","22"," 15.0"," 18.8","  59.0","*","  42.1"," "," 0.12","B","999.9","010000"
"72503014732","1975-04-17","40.77945","-73.88027","3.0","LAGUARDIA AIRPORT, NY US","  54.9","24","  27.8","24","1011.5","24","010.4","24"," 14.5","24","  8.4","24"," 14.0"," 17.9","  66.0","*","  42.1"," "," 0.00","I","999.9","000000"
"72503014732","1975-04-18","40.77945","-73.88027","3.0","LAGUARDIA AIRPORT, NY US","  53.5","24","  35.0","24","1013.9","24","012.9","24"," 10.2","24","  7.0","24"," 15.0"," 25.8","  66.0"," ","  44.1"," ","99.99"," ","999.9","010000"
"72503014732","1975-04-19","40.77945","-73.88027","3.0","LAGUARDIA AIRPORT, NY US","  58.5","24","  48.9","24","1002.9","24","001.9","24","  6.8","24"," 10.7","24"," 22.0"," 32.8","  73.0","*","  44.1"," "," 0.01","B","999.9","110000"
"72503014732","1975-04-20","40.77945","-73.88027","3.0","LAGUARDIA AIRPORT, NY US","  56.6","23","  31.0","23","1008.9","23","007.9","23"," 14.9","23"," 15.0","23"," 21.0"," 34.0","  73.0"," ","  51.1"," "," 0.00","I","999.9","000000"
"72503014732","1975-04-21","40.77945","-73.88027","3.0","LAGUARDIA AIRPORT, NY US","  48.4","16","  21.0","16","1020.7","16","019.7","16"," 15.5","16"," 14.8","16"," 19.8"," 29.9","  53.1","*","  37.9","*"," 0.00","I","999.9","000000"
"72503014732","1975-04-22","40.77945","-73.88027","3.0","LAGUARDIA AIRPORT, NY US","  45.2","23","  16.7","23","1029.8","23","028.7","23"," 14.4","23"," 10.2","23"," 17.1"," 21.0","  54.0"," ","  37.0"," "," 0.00","I","999.9","000000"
"72503014732","1975-04-23","40.77945","-73.88027","3.0","LAGUARDIA AIRPORT, NY US","  51.1","24","  30.9","24","1027.9","24","026.8","24"," 10.6","24","  8.2","24"," 14.0","999.9","  61.0"," ","  37.0"," "," 0.00","I","999.9","000000"
"72503014732","1975-04-24","40.77945","-73.88027","3.0","LAGUARDIA AIRPORT, NY US","  55.7","23","  47.6","23","1015.9","23","014.8","23","  5.2","23","  7.9","23"," 15.0"," 21.0","  66.0"," ","  43.0"," "," 0.59","C","999.9","110010"
"72503014732","1975-04-25","40.77945","-73.88027","3.0","LAGUARDIA AIRPORT, NY US","  60.1","23","  52.2","23","1010.3","23","009.2","23","  4.6","23","  6.5","23","  9.9","999.9","  66.0"," ","  46.9"," "," 0.44","C","999.9","110000"
"72503014732","1975-04-26","40.77945","-73.88027","3.0","LAGUARDIA AIRPORT, NY US","  53.2","24","  37.9","24","1013.9","24","012.8","24"," 10.0","24"," 12.6","24"," 18.1"," 26.8","  64.9"," ","  48.9"," "," 0.55","B","999.9","110000"
"72503014732","1975-04-27","40.77945","-73.88027","3.0","LAGUARDIA AIRPORT, NY US","  49.7","24","  27.4","24","1019.6","24","018.5","24"," 14.9","24"," 14.0","24"," 17.9"," 25.8","  61.0"," ","  44.1"," "," 0.00","I","999.9","000000"
"72503014732","1975-04-28","40.77945","-73.88027","3.0","LAGUARDIA AIRPORT, NY US","  52.7","24","  27.0","24","1013.8","24","012.7","24"," 14.9","24","  9.2","24"," 12.0"," 18.8","  61.0","*","  44.1"," "," 0.00","I","999.9","000000"
"72503014732","1975-04-29","40.77945","-73.88027","3.0","LAGUARDIA AIRPORT, NY US","  49.8","24","  36.5","24","1015.2","23","014.2","23"," 13.3","24"," 10.9","24"," 15.9"," 18.8","  61.0"," ","  46.0"," "," 0.00","I","999.9","000000"
"72503014732","1975-04-30","40.77945","-73.88027","3.0","LAGUARDIA AIRPORT, NY US","  50.5","24","  32.2","24","1023.9","24","022.8","24"," 13.8","24","  7.2","24"," 11.8","999.9","  60.1","*","  42.1"," "," 0.00","I","999.9","000000"
"72503014732","1975-05-01","40.77945","-73.88027","3.0","LAGUARDIA AIRPORT, NY US","  50.7","23","  35.7","23","1024.3","23","023.1","23"," 10.8","23","  6.2","23"," 10.9","999.9","  60.1"," ","  42.1"," ","99.99"," ","999.9","010000"
"72503014732","1975-05-02","40.77945","-73.88027","3.0","LAGUARDIA AIRPORT, NY US","  49.4","23","  43.6","23","1020.0","23","019.0","23","  5.1","23","  5.2","23","  9.9","999.9","  59.0","*","  46.9"," "," 0.12","A","999.9","110000"
"72503014732","1975-05-03","40.77945","-73.88027","3.0","LAGUARDIA AIRPORT, NY US","  56.0","24","  42.9","24","1018.0","24","016.9","24","  6.9","24","  5.7","24"," 13.0","999.9","  71.1","*","  46.0"," "," 0.00","I","999.9","100000"
"72503014732","1975-05-04","40.77945","-73.88027","3.0","LAGUARDIA AIRPORT, NY US","  55.2","22","  44.3","22","1010.3","22","009.3","22","  7.3","22","  9.0","22"," 13.0","999.9","  71.1"," ","  46.0"," "," 0.16","B","999.9","110000"
"72503014732","1975-05-05","40.77945","-73.88027","3.0","LAGUARDIA AIRPORT, NY US","  50.9","23","  41.9","23","1009.4","23","008.3","23"," 10.9","23"," 11.1","23"," 15.0","999.9","  59.0"," ","  46.9"," "," 0.35","B","999.9","110000"
"72503014732","1975-05-06","40.77945","-73.88027","3.0","LAGUARDIA AIRPORT, NY US","  55.7","24","  41.7","24","1011.7","24","010.6","24","  9.1","24","  5.3","24"," 10.1","999.9","  63.0","*","  46.9"," ","99.99"," ","999.9","010000"
"72503014732","1975-05-07","40.77945","-73.88027","3.0","LAGUARDIA AIRPORT, NY US","  56.1","24","  44.2","24","1011.0","24","009.8","24"," 11.0","24","  8.7","24"," 15.0"," 21.0","  69.1","*","  48.9"," "," 0.35","C","999.9","110010"
"72503014732","1975-05-08","40.77945","-73.88027","3.0","LAGUARDIA AIRPORT, NY US","  58.5","24","  40.7","24","1017.9","24","016.8","24"," 13.1","24","  6.5","24"," 15.0","999.9","  70.0","*","  48.0"," "," 0.00","I","999.9","000000"
"72503014732","1975-05-09","40.77945","-73.88027","3.0","LAGUARDIA AIRPORT, NY US","  58.2","24","  44.9","24","1020.3","24","019.3","24"," 10.3","24","  6.6","24"," 11.8","999.9","  70.0"," ","  48.0"," ","99.99"," ","999.9","010000"
"72503014732","1975-05-10","40.77945","-73.88027","3.0","LAGUARDIA AIRPORT, NY US","  59.3","24","  44.3","24","1019.3","24","018.2","24"," 12.1","24","  7.2","24"," 14.0"," 19.8","  70.0"," ","  52.0"," "," 0.00","I","999.9","000000"
"72503014732","1975-05-11","40.77945","-73.88027","3.0","LAGUARDIA AIRPORT, NY US","  59.7","24","  42.5","24","1016.6","24","015.5","24"," 13.3","24","  8.5","24"," 17.1"," 24.9","  66.9"," ","  51.1"," "," 0.00","I","999.9","000000"
"72503014732","1975-05-12","40.77945","-73.88027","3.0","LAGUARDIA AIRPORT, NY US","  63.1","23","  47.1","23","1015.0","23","013.9","23"," 12.7","23"," 10.3","23"," 17.9"," 26.8","  70.0"," ","  51.1"," "," 0.00","I","999.9","000000"
"72503014732","1975-05-13","40.77945","-73.88027","3.0","LAGUARDIA AIRPORT, NY US","  63.9","23","  56.1","23","1012.9","23","011.8","23","  5.1","23","  6.5","23"," 12.0"," 19.8","  73.9","*","  57.0"," "," 0.63","B","999.9","110010"
"72503014732","1975-05-14","40.77945","-73.88027","3.0","LAGUARDIA AIRPORT, NY US","  65.2","24","  54.5","24","1014.1","24","013.1","24","  9.3","24","  7.9","24"," 15.0","999.9","  75.0","*","  57.9"," "," 1.10","B","999.9","010010"
"72503014732","1975-05-15","40.77945","-73.88027","3.0","LAGUARDIA AIRPORT, NY US","  65.3","24","  53.6","24","1015.6","24","014.5","24","  8.7","24","  7.8","24"," 15.9"," 23.9","  75.0"," ","  59.0"," "," 0.24","A","999.9","000000"
"72503014732","1975-05-16","40.77945","-73.88027","3.0","LAGUARDIA AIRPORT, NY US","  63.2","24","  54.3","24","1012.3","24","011.2","24","  6.9","24","  7.3","24"," 14.0"," 19.8","  75.9","*","  57.9"," "," 0.43","A","999.9","110000"
"72503014732","1975-05-17","40.77945","-73.88027","3.0","LAGUARDIA AIRPORT, NY US","  65.9","24","  47.9","24","1021.5","24","020.4","24"," 13.3","24","  7.6","24"," 12.8","999.9","  75.9"," ","  59.0"," "," 0.00","I","999.9","000000"
"72503014732","1975-05-18","40.77945","-73.88027","3.0","LAGUARDIA AIRPORT, NY US","  61.9","24","  52.3","24","1019.7","24","018.6","24","  9.3","24","  7.6","24","  9.9","999.9","  71.1"," ","  55.0","*","99.99"," ","999.9","010000"
"72503014732","1975-05-19","40.77945","-73.88027","3.0","LAGUARDIA AIRPORT, NY US","  66.6","23","  54.8","23","1013.6","23","012.5","23","  6.9","23","  5.4","23"," 11.1","999.9","  77.0","*","  57.0"," "," 0.00","I","999.9","000000"
"72503014732","1975-05-20","40.77945","-73.88027","3.0","LAGUARDIA AIRPORT, NY US","  74.0","23","  58.5","23","1013.5","23","012.4","23","  5.2","23","  7.3","23"," 12.8","999.9","  86.0"," ","  57.9"," "," 0.00","I","999.9","100000"
"72503014732","1975-05-21","40.77945","-73.88027","3.0","LAGUARDIA AIRPORT, NY US","  75.7","24","  61.9","24","1013.5","24","012.4","24","  4.8","24","  6.6","24"," 11.1","999.9","  86.0"," ","  66.0"," ","99.99"," ","999.9","010010"
"72503014732","1975-05-22","40.77945","-73.88027","3.0","LAGUARDIA AIRPORT, NY US","  67.4","24","  58.6","24","1015.3","24","014.2","24","  3.9","24","  8.1","24"," 13.0","999.9","  84.9"," ","  61.0"," "," 0.00","I","999.9","100000"
"72503014732","1975-05-23","40.77945","-73.88027","3.0","LAGUARDIA AIRPORT, NY US","  67.1","24","  58.1","24","1015.8","24","014.7","24","  4.1","24","  6.8","23"," 12.8","999.9","  80.1","*","  59.0"," "," 0.00","I","999.9","100000"
"72503014732","1975-05-24","40.77945","-73.88027","3.0","LAGUARDIA AIRPORT, NY US","  76.1","24","  64.2","24","1012.4","24","011.3","24","  4.4","24","  4.9","24"," 11.1","999.9","  89.1","*","  59.0"," "," 0.00","I","999.9","100000"
"72503014732","1975-05-25","40.77945","-73.88027","3.0","LAGUARDIA AIRPORT, NY US","  60.8","24","  50.6","24","1020.5","24","019.4","24"," 12.9","24"," 12.3","24"," 19.8"," 24.9","  90.0"," ","  57.0"," "," 0.00","I","999.9","000000"
"72503014732","1975-05-26","40.77945","-73.88027","3.0","LAGUARDIA AIRPORT, NY US","  60.5","24","  48.9","24","1019.3","24","018.2","24"," 13.4","24","  6.9","24"," 11.1","999.9","  73.0","*","  54.0"," "," 0.00","I","999.9","000000"
"72503014732","1975-05-27","40.77945","-73.88027","3.0","LAGUARDIA AIRPORT, NY US","  73.0","23","  60.2","22","1008.4","23","007.4","23","  7.6","23","  9.3","22"," 15.0"," 22.9","  84.0","*","  54.0"," "," 0.00","I","999.9","000000"
"72503014732","1975-05-28","40.77945","-73.88027","3.0","LAGUARDIA AIRPORT, NY US","  72.7","23","  51.0","23","1012.7","23","011.6","23"," 14.9","23","  8.7","23"," 14.0","999.9","  84.0"," ","  64.0"," "," 0.00","I","999.9","000000"
"72503014732","1975-05-29","40.77945","-73.88027","3.0","LAGUARDIA AIRPORT, NY US","  71.5","24","  46.4","24","1018.0","24","016.9","24"," 13.8","24","  6.2","24"," 11.8","999.9","  82.0"," ","  61.0"," "," 0.00","I","999.9","000000"
"72503014732","1975-05-30","40.77945","-73.88027","3.0","LAGUARDIA AIRPORT, NY US","  68.8","22","  53.6","22","1015.8","22","014.8","22"," 11.2","22","  8.5","22"," 13.0","999.9","  81.0"," ","  61.0"," "," 0.43","A","999.9","010000"
"72503014732","1975-05-31","40.77945","-73.88027","3.0","LAGUARDIA AIRPORT, NY US","  70.5"," 8","  65.5"," 8","1010.9"," 8","009.9"," 8","  4.2"," 8","  8.1"," 8"," 11.1","999.9","  78.1","*","  66.0","*","99.99"," ","999.9","110000"
"72503014732","1975-06-01","40.77945","-73.88027","3.0","LAGUARDIA AIRPORT, NY US","  71.6","22","  66.7","22","1008.5","22","007.5"," 8","  5.2","22","  7.2","22"," 11.8","999.9","  80.1"," ","  66.0"," "," 1.42","B","999.9","110010"
"72503014732","1975-06-02","40.77945","-73.88027","3.0","LAGUARDIA AIRPORT, NY US","  71.0","24","  54.8","24","1014.4","24","013.1"," 8"," 14.5","24","  8.5","24"," 11.8","999.9","  79.0"," ","  64.0"," "," 0.00","I","999.9","000000"
"72503014732","1975-06-03","40.77945","-73.88027","3.0","LAGUARDIA AIRPORT, NY US","  67.8","24","  56.1","24","1013.0","24","012.1"," 8","  8.3","24","  5.9","23"," 12.0","999.9","  78.1"," ","  61.0","*","99.99"," ","999.9","010010"
"72503014732","1975-06-04","40.77945","-73.88027","3.0","LAGUARDIA AIRPORT, NY US","  65.5","24","  52.4","24","1008.5","24","007.5"," 8"," 11.4","24","  9.7","24"," 14.0","999.9","  73.9","*","  59.0","*"," 0.28","A","999.9","010000"
"72503014732","1975-06-05","40.77945","-73.88027","3.0","LAGUARDIA AIRPORT, NY US","  63.9","24","  52.9","24","1010.4","24","009.2"," 8"," 11.8","24","  7.6","24"," 13.0","999.9","  73.9"," ","  61.0","*"," 0.12","A","999.9","010010"
"72503014732","1975-06-06","40.77945","-73.88027","3.0","LAGUARDIA AIRPORT, NY US","  61.7","22","  57.2","22","1002.4","22","001.6"," 8","  4.6","22","  7.0","22"," 11.8","999.9","  66.9","*","  59.0"," "," 1.22","C","999.9","110010"
"72503014732","1975-06-07","40.77945","-73.88027","3.0","LAGUARDIA AIRPORT, NY US","  64.5","24","  53.4","24"," 999.1","24","998.0"," 8"," 13.1","24","  9.3","23"," 12.8","999.9","  71.1","*","  59.0"," "," 0.59","A","999.9","010000"
"72503014732","1975-06-08","40.77945","-73.88027","3.0","LAGUARDIA AIRPORT, NY US","  62.0","24","  48.2","24","1004.9","24","003.5"," 8"," 14.7","24","  9.9","24"," 15.0","999.9","  71.1"," ","  59.0"," "," 0.00","I","999.9","000000"
"72503014732","1975-06-09","40.77945","-73.88027","3.0","LAGUARDIA AIRPORT, NY US","  61.0","24","  48.7","24","1016.1","24","014.6"," 8"," 14.7","24","  6.4","24","  8.9","999.9","  66.9","*","  55.9"," ","99.99"," ","999.9","010000"
"72503014732","1975-06-10","40.77945","-73.88027","3.0","LAGUARDIA AIRPORT, NY US","  62.8","24","  45.4","24","1024.6","24","023.4"," 8"," 13.6","24","  5.4","24"," 10.9","999.9","  73.0","*","  51.1"," "," 0.00","I","999.9","000000"
"72503014732","1975-06-11","40.77945","-73.88027","3.0","LAGUARDIA AIRPORT, NY US","  68.0","24","  50.3","24","1024.0","24","023.0"," 8"," 11.4","24","  8.3","24"," 14.0","999.9","  75.9"," ","  55.0"," "," 0.00","I","999.9","000000"
"72503014732","1975-06-12","40.77945","-73.88027","3.0","LAGUARDIA AIRPORT, NY US","  63.3","24","  55.2","24","1018.0","24","017.0"," 8","  5.7","24"," 10.9","24"," 15.0","999.9","  77.0"," ","  59.0"," "," 0.98","B","999.9","110000"
"72503014732","1975-06-13","40.77945","-73.88027","3.0","LAGUARDIA AIRPORT, NY US","  67.5","24","  62.6","24","1012.9","24","012.0"," 8","  3.3","24","  8.2","24"," 15.0","999.9","  78.1","*","  60.1"," "," 0.36","C","999.9","110000"
"72503014732","1975-06-14","40.77945","-73.88027","3.0","LAGUARDIA AIRPORT, NY US","  65.7","24","  61.1","24","1014.4","24","013.2"," 8","  3.0","24","  7.6","24"," 11.8","999.9","  78.1"," ","  59.0"," "," 0.00","I","999.9","100000"
"72503014732","1975-06-15","40.77945","-73.88027","3.0","LAGUARDIA AIRPORT, NY US","  67.8","23","  61.1","23","1016.4","23","015.2"," 8","  7.4","23","  7.3","23","  9.9","999.9","  75.0","*","  59.0"," "," 0.00","I","999.9","000000"
"72503014732","1975-06-16","40.77945","-73.88027","3.0","LAGUARDIA AIRPORT, NY US","  66.7","24","  62.7","24","1016.6","23","015.6"," 8","  4.8","24","  9.0","24"," 16.9","999.9","  75.0"," ","  63.0"," ","99.99"," ","999.9","110010"
"72503014732","1975-06-17","40.77945","-73.88027","3.0","LAGUARDIA AIRPORT, NY US","  70.0","24","  64.9","24","1018.8","24","017.6"," 8","  2.9","24","  6.2","24"," 10.1","999.9","  80.1","*","  63.0"," "," 0.02","A","999.9","110000"
"72503014732","1975-06-18","40.77945","-73.88027","3.0","LAGUARDIA AIRPORT, NY US","  74.5","24","  66.9","24","1018.6","24","017.7"," 8","  6.0","24","  8.0","24"," 12.0","999.9","  82.0","*","  63.0"," "," 0.00","I","999.9","000000"
"72503014732","1975-06-19","40.77945","-73.88027","3.0","LAGUARDIA AIRPORT, NY US","  79.4","22","  67.2","22","1016.5","22","015.7"," 8","  6.7","22","  6.7","22"," 12.0","999.9","  88.0","*","  70.0"," ","99.99"," ","999.9","010000"
"72503014732","1975-06-20","40.77945","-73.88027","3.0","LAGUARDIA AIRPORT, NY US","  75.5","23","  62.1","23","1015.2","23","013.9"," 8"," 10.6","23","  9.2","23"," 15.0","999.9","  89.1"," ","  69.1"," "," 0.56","B","999.9","010010"
"72503014732","1975-06-21","40.77945","-73.88027","3.0","LAGUARDIA AIRPORT, NY US","  70.7","24","  48.3","24","1023.4","24","022.0"," 8"," 14.9","24","  6.4","24"," 14.0","999.9","  82.0"," ","  61.0"," "," 0.00","I","999.9","000000"
"72503014732","1975-06-22","40.77945","-73.88027","3.0","LAGUARDIA AIRPORT, NY US","  73.1","23","  51.6","23","1025.9","23","024.9"," 8"," 14.9","23","  9.9","23"," 14.0","999.9","  81.0"," ","  66.0"," "," 0.00","I","999.9","000000"
"72503014732","1975-06-23","40.77945","-73.88027","3.0","LAGUARDIA AIRPORT, NY US","  75.5","24","  59.8","24","1023.9","24","023.0"," 8","  9.7","24","  9.5","24"," 12.8","999.9","  88.0","*","  66.0"," "," 0.00","I","999.9","000000"
"72503014732","1975-06-24","40.77945","-73.88027","3.0","LAGUARDIA AIRPORT, NY US","  81.5","24","  66.6","24","1021.7","24","020.8"," 8","  5.7","24","  7.9","24"," 12.0","999.9","  91.0","*","  66.9"," ","99.99"," ","999.9","010010"
"72503014732","1975-06-25","40.77945","-73.88027","3.0","LAGUARDIA AIRPORT, NY US","  77.2","24","  64.7","24","1021.2","24","020.0"," 8","  9.4","24","  6.3","23","  9.9","999.9","  91.0"," ","  73.0"," "," 0.00","I","999.9","000000"
"72503014732","1975-06-26","40.77945","-73.88027","3.0","LAGUARDIA AIRPORT, NY US","  70.6","23","  58.9","23","1024.3","23","023.2"," 8"," 14.4","23","  6.7","23"," 10.1","999.9","  81.0"," ","  64.9"," ","99.99"," ","999.9","010000"
"72503014732","1975-06-27","40.77945","-73.88027","3.0","LAGUARDIA AIRPORT, NY US","  67.4","23","  59.5","23","1023.2","23","022.2"," 8","  9.8","23","  6.9","23"," 11.1","999.9","  73.0"," ","  64.0"," "," 0.00","I","999.9","000000"
"72503014732","1975-06-28","40.77945","-73.88027","3.0","LAGUARDIA AIRPORT, NY US","  69.1","23","  64.1","23","1021.8","23","020.7"," 8","  5.0","23","  7.1","23"," 10.9","999.9","  73.9","*","  64.0"," "," 0.08","A","999.9","111010"
"72503014732","1975-06-29","40.77945","-73.88027","3.0","LAGUARDIA AIRPORT, NY US","  72.5","24","  65.2","24","1020.8","24","019.8"," 8","  4.8","24","  5.6","24","  8.0","999.9","  79.0","*","  66.0"," "," 0.16","A","999.9","110000"
"72503014732","1975-06-30","40.77945","-73.88027","3.0","LAGUARDIA AIRPORT, NY US","  71.1","24","  59.0","24","1021.6","24","020.4"," 8"," 10.2","24"," 11.1","24"," 15.0","999.9","  80.1"," ","  64.9"," "," 0.00","I","999.9","000000"
"72503014732","1975-07-01","40.77945","-73.88027","3.0","LAGUARDIA AIRPORT, NY US","  70.4","24","  45.0","24","1023.3","23","022.2","23"," 14.9","24","  9.6","24"," 12.8"," 17.9","  81.0","*","  61.0"," "," 0.00","I","999.9","000000"
"72503014732","1975-07-02","40.77945","-73.88027","3.0","LAGUARDIA AIRPORT, NY US","  74.0","23","  53.2","23","1020.2","23","019.2","23"," 13.6","23","  5.5","23","  9.9","999.9","  86.0","*","  61.0"," "," 0.00","I","999.9","000000"
"72503014732","1975-07-03","40.77945","-73.88027","3.0","LAGUARDIA AIRPORT, NY US","  79.0","24","  60.8","24","1012.8","24","011.8","24"," 10.4","24","  8.5","24"," 11.8","999.9","  86.0"," ","  64.0"," "," 0.00","A","999.9","010000"
"72503014732","1975-07-04","40.77945","-73.88027","3.0","LAGUARDIA AIRPORT, NY US","  75.7","24","  57.6","24","1010.8","24","009.7","24"," 15.9","24","  6.4","24"," 10.1","999.9","  86.0"," ","  68.0"," "," 0.00","A","999.9","000000"
"72503014732","1975-07-05","40.77945","-73.88027","3.0","LAGUARDIA AIRPORT, NY US","  76.2","24","  57.5","24","1011.2","24","010.2","24"," 13.7","24","  4.5","24","  8.9","999.9","  84.0"," ","  68.0"," "," 0.00","I","999.9","000000"
"72503014732","1975-07-06","40.77945","-73.88027","3.0","LAGUARDIA AIRPORT, NY US","  71.6","24","  64.2","24","1013.1","24","012.1","24","  5.5","24","  6.9","24"," 11.8","999.9","  84.0"," ","  68.0"," "," 0.04","A","999.9","110010"
"72503014732","1975-07-07","40.77945","-73.88027","3.0","LAGUARDIA AIRPORT, NY US","  70.8","24","  64.8","24","1011.8","24","010.7","24","  5.6","24","  5.7","24","  9.9","999.9","  77.0"," ","  66.9"," "," 0.39","B","999.9","110010"
"72503014732","1975-07-08","40.77945","-73.88027","3.0","LAGUARDIA AIRPORT, NY US","  72.4","24","  64.2","24","1009.3","24","008.3","24","  5.1","24","  5.9","24"," 11.1","999.9","  79.0","*","  66.9"," "," 0.00","I","999.9","000000"
"72503014732","1975-07-09","40.77945","-73.88027","3.0","LAGUARDIA AIRPORT, NY US","  74.5","24","  67.0","24","1009.2","24","008.1","24","  4.5","24","  8.1","24"," 14.0"," 15.9","  80.1"," ","  68.0"," ","99.99"," ","999.9","010010"
"72503014732","1975-07-10","40.77945","-73.88027","3.0","LAGUARDIA AIRPORT, NY US","  73.6","24","  66.2","24","1008.7","24","007.7","24","  3.6","24","  5.3","24"," 11.8","999.9","  82.0"," ","  69.1"," "," 0.20","A","999.9","100010"
"72503014732","1975-07-11","40.77945","-73.88027","3.0","LAGUARDIA AIRPORT, NY US","  74.0","22","  64.0","22","1008.3","22","007.2","22","  5.7","22","  7.5","22"," 12.0","999.9","  82.0"," ","  69.1"," "," 0.24","A","999.9","010010"
"72503014732","1975-07-12","40.77945","-73.88027","3.0","LAGUARDIA AIRPORT, NY US","  70.9","24","  65.3","24","1013.3","23","012.2","23","  5.2","24","  7.0","24","  9.9","999.9","  80.1"," ","  66.9"," "," 0.12","B","999.9","110000"
"72503014732","1975-07-13","40.77945","-73.88027","3.0","LAGUARDIA AIRPORT, NY US","  72.2","24","  67.6","24","1019.0","24","017.9","24","  6.7","24","  9.9","24"," 17.9"," 28.0","  77.0","*","  66.9"," "," 0.65","B","999.9","110000"
"72503014732","1975-07-14","40.77945","-73.88027","3.0","LAGUARDIA AIRPORT, NY US","  73.4","23","  68.9","23","1023.5","23","022.4","23","  6.4","23"," 11.2","23"," 17.9"," 29.9","  77.0"," ","  71.1"," "," 1.11","C","999.9","110000"
"72503014732","1975-07-15","40.77945","-73.88027","3.0","LAGUARDIA AIRPORT, NY US","  74.4","23","  68.5","23","1024.4","23","023.3","23","  7.7","22","  7.6","23"," 12.0","999.9","  81.0","*","  70.0"," "," 0.39","B","999.9","110010"
"72503014732","1975-07-16","40.77945","-73.88027","3.0","LAGUARDIA AIRPORT, NY US","  76.4","24","  69.0","24","1025.7","24","024.7","24","  9.5","24","  8.6","23"," 14.0","999.9","  82.0","*","  70.0"," "," 0.00","I","999.9","000000"
"72503014732","1975-07-17","40.77945","-73.88027","3.0","LAGUARDIA AIRPORT, NY US","  77.1","24","  69.8","24","1023.8","24","022.7","24","  8.3","24","  7.2","24"," 11.8","999.9","  82.0"," ","  73.0"," "," 0.43","B","999.9","110010"
"72503014732","1975-07-18","40.77945","-73.88027","3.0","LAGUARDIA AIRPORT, NY US","  78.5","24","  70.1","24","1020.8","24","019.7","24","  5.8","24","  7.4","24"," 12.0","999.9","  86.0"," ","  73.0"," "," 0.31","B","999.9","010000"
"72503014732","1975-07-19","40.77945","-73.88027","3.0","LAGUARDIA AIRPORT, NY US","  80.5","24","  68.6","24","1016.7","24","015.7","24","  8.6","24"," 10.6","24"," 14.0"," 21.0","  87.1","*","  73.0"," "," 0.00","I","999.9","000000"
"72503014732","1975-07-20","40.77945","-73.88027","3.0","LAGUARDIA AIRPORT, NY US","  79.1","24","  70.5","24","1013.5","24","012.4","24","  8.5","24"," 10.0","24"," 16.9"," 25.8","  87.1"," ","  73.9"," ","99.99"," ","999.9","010010"
"72503014732","1975-07-21","40.77945","-73.88027","3.0","LAGUARDIA AIRPORT, NY US","  77.1","23","  66.8","23","1009.6","23","008.6","23","  8.9","23","  9.3","23"," 17.9"," 25.8","  86.0","*","  71.1"," "," 1.02","B","999.9","010010"
"72503014732","1975-07-22","40.77945","-73.88027","3.0","LAGUARDIA AIRPORT, NY US","  78.8","24","  63.7","24","1012.3","24","011.3","24"," 10.9","24","  7.5","24"," 11.8","999.9","  86.0"," ","  71.1"," "," 0.00","I","999.9","000000"
"72503014732","1975-07-23","40.77945","-73.88027","3.0","LAGUARDIA AIRPORT, NY US","  79.3","24","  61.7","24","1016.0","24","015.0","24","  9.0","24","  6.4","24"," 11.8","999.9","  88.0","*","  71.1"," "," 0.00","I","999.9","000000"
"72503014732","1975-07-24","40.77945","-73.88027","3.0","LAGUARDIA AIRPORT, NY US","  80.0","24","  66.6","24","1015.6","24","014.6","24","  7.5","24"," 10.0","24"," 16.9"," 24.9","  90.0"," ","  71.1"," "," 0.00","I","999.9","000000"
"72503014732","1975-07-25","40.77945","-73.88027","3.0","LAGUARDIA AIRPORT, NY US","  75.0","22","  69.0","22","1012.1","22","011.1","22","  5.3","22","  8.1","22"," 14.0"," 15.9","  84.9"," ","  69.1"," "," 2.20","C","999.9","010010"
"72503014732","1975-07-26","40.77945","-73.88027","3.0","LAGUARDIA AIRPORT, NY US","  70.1","24","  56.8","24","1016.3","24","015.3","24"," 15.5","24","  7.1","24"," 10.9","999.9","  80.1"," ","  63.0"," "," 0.51","A","999.9","010000"
"72503014732","1975-07-27","40.77945","-73.88027","3.0","LAGUARDIA AIRPORT, NY US","  71.3","22","  55.4","22","1016.8","22","015.7","22"," 16.7","22","  5.8","22","  8.9","999.9","  77.0"," ","  63.0"," "," 0.00","I","999.9","000000"
"72503014732","1975-07-28","40.77945","-73.88027","3.0","LAGUARDIA AIRPORT, NY US","  74.7","24","  61.3","24","1011.8","24","010.8","24","  9.2","24","  8.0","24"," 12.8","999.9","  82.9","*","  63.0"," "," 0.00","A","999.9","010000"
"72503014732","1975-07-29","40.77945","-73.88027","3.0","LAGUARDIA AIRPORT, NY US","  76.7","24","  57.8","24","1016.9","24","015.9","24"," 12.7","24","  4.7","24","  8.9","999.9","  82.9"," ","  69.1"," "," 0.00","I","999.9","000000"
"72503014732","1975-07-30","40.77945","-73.88027","3.0","LAGUARDIA AIRPORT, NY US","  76.1","23","  59.8","23","1022.8","23","021.7","23"," 12.1","23","  4.5","23","  6.0","999.9","  84.9","*","  66.9"," "," 0.00","I","999.9","000000"
"72503014732","1975-07-31","40.77945","-73.88027","3.0","LAGUARDIA AIRPORT, NY US","  80.7","23","  62.5","23","1022.3","23","021.2","23","  9.4","23","  6.7","23"," 10.9","999.9","  91.0","*","  66.9"," "," 0.00","I","999.9","000000"
"72503014732","1975-08-01","40.77945","-73.88027","3.0","LAGUARDIA AIRPORT, NY US","  84.7","23","  69.0","23","1020.3","23","019.2","23","  6.9","23","  5.5","23","  8.9","999.9","  91.9"," ","  71.1"," "," 0.00","I","999.9","000000"
"72503014732","1975-08-02","40.77945","-73.88027","3.0","LAGUARDIA AIRPORT, NY US","  86.6","23","  70.6","23","1015.0","23","013.9","23","  5.5","23","  4.1","23","  6.0","999.9","  96.1","*","  77.0"," "," 0.00","I","999.9","000000"
"72503014732","1975-08-03","40.77945","-73.88027","3.0","LAGUARDIA AIRPORT, NY US","  86.0","24","  71.5","24","1012.0","24","011.0","24","  6.0","24","  4.8","24","  8.9","999.9","  96.1"," ","  77.0"," "," 0.00","I","999.9","000000"
"72503014732","1975-08-04","40.77945","-73.88027","3.0","LAGUARDIA AIRPORT, NY US","  76.6","23","  70.2","23","1013.3","23","012.4","23","  3.1","23","  8.3","23"," 13.0","999.9","  93.9"," ","  73.0"," ","99.99"," ","999.9","110000"
"72503014732","1975-08-05","40.77945","-73.88027","3.0","LAGUARDIA AIRPORT, NY US","  77.9","20","  68.3","20","1011.4","20","010.3","20","  6.0","20","  4.6","20","  8.0","999.9","  87.1","*","  72.0","*"," 0.20","G","999.9","110000"
"72503014732","1975-08-06","40.77945","-73.88027","3.0","LAGUARDIA AIRPORT, NY US","  74.4","24","  63.3","24","1010.8","24","009.7","24"," 12.6","24","  7.4","24"," 13.0","999.9","  84.9","*","  64.0","*"," 0.00","G","999.9","010000"
"72503014732","1975-08-07","40.77945","-73.88027","3.0","LAGUARDIA AIRPORT, NY US","  63.2","22","  58.5","22","1013.8","22","012.7","22","  9.6","21"," 11.8","22"," 14.0"," 24.9","  75.9"," ","  61.0"," "," 0.28","G","999.9","110000"
"72503014732","1975-08-08","40.77945","-73.88027","3.0","LAGUARDIA AIRPORT, NY US","  65.6","23","  57.0","23","1019.8","23","018.7","23"," 18.2","23","  9.7","23"," 13.0"," 22.0","  72.0","*","  61.0"," "," 0.00","G","999.9","000000"
"72503014732","1975-08-09","40.77945","-73.88027","3.0","LAGUARDIA AIRPORT, NY US","  73.4","23","  57.1","23","1020.4","23","019.3","23"," 14.4","23","  5.4","23","  8.9","999.9","  82.9","*","  62.1"," "," 0.00","A","999.9","000000"
"72503014732","1975-08-10","40.77945","-73.88027","3.0","LAGUARDIA AIRPORT, NY US","  76.6","23","  59.8","23","1016.3","23","015.2","23","  9.6","23","  6.2","23","  8.9","999.9","  86.0","*","  64.9"," "," 0.00","I","999.9","000000"
"72503014732","1975-08-11","40.77945","-73.88027","3.0","LAGUARDIA AIRPORT, NY US","  77.3","24","  66.4","24","1012.9","24","011.8","24","  4.2","24","  5.6","24"," 11.8","999.9","  86.0"," ","  66.0"," "," 0.51","A","999.9","110010"
"72503014732","1975-08-12","40.77945","-73.88027","3.0","LAGUARDIA AIRPORT, NY US","  77.7","24","  64.4","24","1013.7","24","012.6","24","  6.0","24","  5.1","24"," 10.1","999.9","  86.0","*","  70.0"," "," 0.00","A","999.9","000000"
"72503014732","1975-08-13","40.77945","-73.88027","3.0","LAGUARDIA AIRPORT, NY US","  78.7","24","  63.9","24","1015.9","24","014.8","24","  7.1","24","  5.5","24"," 12.8","999.9","  87.1","*","  70.0"," ","99.99"," ","999.9","010010"
"72503014732","1975-08-14","40.77945","-73.88027","3.0","LAGUARDIA AIRPORT, NY US","  77.9","23","  64.3","23","1013.8","23","012.7","23","  9.6","23","  9.3","23"," 14.0","999.9","  88.0","*","  71.1"," "," 0.08","B","999.9","010010"
"72503014732","1975-08-15","40.77945","-73.88027","3.0","LAGUARDIA AIRPORT, NY US","  75.3","23","  58.7","23","1016.9","23","015.8","23"," 16.6","23","  7.0","23"," 11.1","999.9","  88.0"," ","  69.1"," "," 0.00","I","999.9","000000"
"72503014732","1975-08-16","40.77945","-73.88027","3.0","LAGUARDIA AIRPORT, NY US","  70.8","23","  62.0","23","1016.9","23","015.9","23","  8.3","23","  7.0","23","  8.9","999.9","  81.0"," ","  64.9","*"," 0.24","C","999.9","110000"
"72503014732","1975-08-17","40.77945","-73.88027","3.0","LAGUARDIA AIRPORT, NY US","  68.1","24","  61.5","24","1014.5","24","013.4","24","  8.6","24","  7.2","24","  9.9","999.9","  75.0"," ","  64.9"," "," 0.02","C","999.9","010000"
"72503014732","1975-08-18","40.77945","-73.88027","3.0","LAGUARDIA AIRPORT, NY US","  74.3","23","  64.7","23","1012.9","23","011.9","23","  5.1","23","  6.2","23"," 11.8","999.9","  82.9","*","  66.9"," "," 0.00","I","999.9","100000"
"72503014732","1975-08-19","40.77945","-73.88027","3.0","LAGUARDIA AIRPORT, NY US","  71.7","24","  52.0","24","1017.4","24","016.3","24"," 17.4","24","  8.1","23"," 13.0"," 15.9","  82.9"," ","  64.0"," "," 0.00","I","999.9","000000"
"72503014732","1975-08-20","40.77945","-73.88027","3.0","LAGUARDIA AIRPORT, NY US","  72.6","23","  50.5","23","1020.7","23","019.6","23"," 16.6","23","  5.9","23"," 10.1","999.9","  79.0"," ","  64.0"," "," 0.00","I","999.9","000000"
"72503014732","1975-08-21","40.77945","-73.88027","3.0","LAGUARDIA AIRPORT, NY US","  72.0","23","  52.6","23","1024.2","23","023.2","23"," 13.6","23","  7.0","22"," 12.8","999.9","  80.1","*","  63.0"," "," 0.00","I","999.9","000000"
"72503014732","1975-08-22","40.77945","-73.88027","3.0","LAGUARDIA AIRPORT, NY US","  78.0","24","  66.5","24","1016.2","24","015.1","24","  6.8","24"," 12.3","24"," 15.0"," 21.0","  84.9"," ","  63.0"," "," 0.00","A","999.9","000000"
"72503014732","1975-08-23","40.77945","-73.88027","3.0","LAGUARDIA AIRPORT, NY US","  69.5","22","  50.5","22","1023.1","22","022.0","22"," 17.9","22","  8.7","22"," 14.0"," 19.8","  84.9"," ","  59.0"," "," 0.00","I","999.9","000000"
"72503014732","1975-08-24","40.77945","-73.88027","3.0","LAGUARDIA AIRPORT, NY US","  68.3","23","  59.3","23","1019.9","23","018.9","23","  8.0","23","  6.4","23"," 13.0","999.9","  78.1"," ","  59.0"," "," 0.12","C","999.9","110000"
"72503014732","1975-08-25","40.77945","-73.88027","3.0","LAGUARDIA AIRPORT, NY US","  73.4","23","  69.2","23","1014.8","23","013.7","23","  3.2","23","  5.9","23"," 10.9","999.9","  81.0","*","  64.0"," "," 1.62","C","999.9","110010"
"72503014732","1975-08-26","40.77945","-73.88027","3.0","LAGUARDIA AIRPORT, NY US","  73.4","23","  69.1","23","1017.9","23","016.9","23","  2.2","23","  6.3","23"," 10.1","999.9","  81.0"," ","  70.0"," "," 0.02","A","999.9","110010"
"72503014732","1975-08-27","40.77945","-73.88027","3.0","LAGUARDIA AIRPORT, NY US","  76.2","24","  63.4","24","1021.0","24","019.9","24"," 12.8","24","  8.1","24"," 13.0"," 19.8","  82.9","*","  70.0"," "," 0.00","A","999.9","110000"
"72503014732","1975-08-28","40.77945","-73.88027","3.0","LAGUARDIA AIRPORT, NY US","  72.5","22","  53.4","22","1025.5","22","024.4","22"," 19.9","22","  6.3","22"," 11.1","999.9","  82.9"," ","  64.9"," "," 0.00","I","999.9","000000"
"72503014732","1975-08-29","40.77945","-73.88027","3.0","LAGUARDIA AIRPORT, NY US","  73.2","23","  57.6","23","1023.3","23","022.2","23"," 13.7","23","  6.2","23"," 12.8"," 15.9","  89.1","*","  64.9"," "," 0.00","I","999.9","000000"
"72503014732","1975-08-30","40.77945","-73.88027","3.0","LAGUARDIA AIRPORT, NY US","  71.0","23","  63.1","23","1015.6","23","014.6","23","  9.2","23"," 10.5","23"," 14.0"," 19.8","  81.0"," ","  66.0"," "," 0.52","C","999.9","010000"
"72503014732","1975-08-31","40.77945","-73.88027","3.0","LAGUARDIA AIRPORT, NY US","  63.3","24","  52.5","24","1021.7","24","020.7","24"," 22.0","24"," 12.2","24"," 16.9"," 22.0","  75.9"," ","  57.9"," "," 0.00","I","999.9","000000"
"72503014732","1975-09-01","40.77945","-73.88027","3.0","LAGUARDIA AIRPORT, NY US","  63.4","24","  50.3","24","1021.8","24","020.8","24"," 18.5","24","  8.7","24"," 15.9","999.9","  69.1","*","  57.0"," "," 0.00","I","999.9","000000"
"72503014732","1975-09-02","40.77945","-73.88027","3.0","LAGUARDIA AIRPORT, NY US","  66.7","24","  55.6","24","1016.3","24","015.3","24"," 11.3","24","  6.3","24"," 12.8","999.9","  73.9","*","  57.0"," "," 0.39","B","999.9","010000"
"72503014732","1975-09-03","40.77945","-73.88027","3.0","LAGUARDIA AIRPORT, NY US","  65.3","24","  52.1","23","1012.7","24","011.6","24"," 18.6","24"," 10.8","24"," 15.9"," 24.9","  73.9"," ","  46.9","*"," 0.00","I","999.9","000000"
"72503014732","1975-09-04","40.77945","-73.88027","3.0","LAGUARDIA AIRPORT, NY US","  65.9","24","  51.9","24","1016.1","24","015.1","24"," 15.7","24","  6.3","24"," 11.8","999.9","  77.0","*","  57.0"," "," 0.00","I","999.9","000000"
"72503014732","1975-09-05","40.77945","-73.88027","3.0","LAGUARDIA AIRPORT, NY US","  69.3","24","  53.1","24","1017.8","24","016.9","24"," 12.7","24","  7.2","24"," 11.8","999.9","  77.0"," ","  57.0"," "," 0.00","I","999.9","000000"
"72503014732","1975-09-06","40.77945","-73.88027","3.0","LAGUARDIA AIRPORT, NY US","  70.6","23","  61.8","23","1014.1","23","013.1","23","  6.8","23","  8.2","23"," 13.0","999.9","  77.0"," ","  61.0"," "," 0.02","G","999.9","110000"
"72503014732","1975-09-07","40.77945","-73.88027","3.0","LAGUARDIA AIRPORT, NY US","  68.2","24","  54.4","24","1020.6","24","019.6","24"," 13.7","24","  6.3","24"," 10.9","999.9","  75.9"," ","  63.0"," "," 0.00","G","999.9","000000"
"72503014732","1975-09-08","40.77945","-73.88027","3.0","LAGUARDIA AIRPORT, NY US","  69.9","23","  60.2","23","1022.3","23","021.3","23","  9.8","23","  6.0","23"," 11.8","999.9","  78.1","*","  63.0"," "," 0.00","I","999.9","000000"
"72503014732","1975-09-09","40.77945","-73.88027","3.0","LAGUARDIA AIRPORT, NY US","  67.8","24","  54.2","24","1022.5","24","021.5","24"," 15.2","24"," 11.1","24"," 15.9"," 22.0","  79.0"," ","  62.1"," "," 0.00","I","999.9","000000"
"72503014732","1975-09-10","40.77945","-73.88027","3.0","LAGUARDIA AIRPORT, NY US","  59.9","23","  40.0","23","1026.6","23","025.6","23"," 20.0","23","  7.3","23"," 13.0","999.9","  71.1"," ","  52.0"," "," 0.00","I","999.9","000000"
"72503014732","1975-09-11","40.77945","-73.88027","3.0","LAGUARDIA AIRPORT, NY US","  64.9","23","  53.1","23","1022.2","23","021.1","23"," 11.1","23","  9.4","23"," 17.9"," 24.9","  71.1","*","  52.0"," "," 0.00","I","999.9","000000"
"72503014732","1975-09-12","40.77945","-73.88027","3.0","LAGUARDIA AIRPORT, NY US","  71.6","24","  64.3","24","1010.1","24","009.2","24","  7.4","24"," 12.9","24"," 15.9"," 25.8","  79.0"," ","  57.9"," "," 0.04","G","999.9","010000"
"72503014732","1975-09-13","40.77945","-73.88027","3.0","LAGUARDIA AIRPORT, NY US","  59.7","24","  46.2","24","1015.0","24","014.0","24"," 20.3","24"," 10.0","24"," 15.0"," 17.9","  80.1"," ","  54.0"," "," 0.00","G","999.9","010000"
"72503014732","1975-09-14","40.77945","-73.88027","3.0","LAGUARDIA AIRPORT, NY US","  55.6","22","  38.8","22","1025.5","22","024.5","22"," 25.8","22"," 10.1","22"," 14.0","999.9","  68.0"," ","  48.0"," "," 0.00","I","999.9","000000"
"72503014732","1975-09-15","40.77945","-73.88027","3.0","LAGUARDIA AIRPORT, NY US","  56.9","23","  39.4","22","1032.7","23","031.7","23"," 17.5","23","  6.1","23"," 10.1","999.9","  64.0"," ","  48.0"," "," 0.00","I","999.9","000000"
"72503014732","1975-09-16","40.77945","-73.88027","3.0","LAGUARDIA AIRPORT, NY US","  60.9","24","  49.7","24","1026.5","24","025.5","24"," 10.1","24","  4.9","24","  8.0","999.9","  68.0"," ","  48.9"," "," 0.00","I","999.9","000000"
"72503014732","1975-09-17","40.77945","-73.88027","3.0","LAGUARDIA AIRPORT, NY US","  65.8","24","  54.7","24","1020.8","24","019.8","24","  9.4","24","  5.3","24","  8.9","999.9","  73.0","*","  55.0"," "," 0.00","I","999.9","000000"
"72503014732","1975-09-18","40.77945","-73.88027","3.0","LAGUARDIA AIRPORT, NY US","  63.9","24","  54.8","24","1023.9","24","022.9","24","  8.8","24","  7.6","24"," 11.8"," 15.9","  73.0"," ","  57.9"," "," 0.00","I","999.9","000000"
"72503014732","1975-09-19","40.77945","-73.88027","3.0","LAGUARDIA AIRPORT, NY US","  64.8","23","  59.8","23","1019.4","23","018.4","23","  5.8","23","  7.9","23"," 12.0"," 18.8","  70.0"," ","  60.1"," "," 0.39","B","999.9","110000"
"72503014732","1975-09-20","40.77945","-73.88027","3.0","LAGUARDIA AIRPORT, NY US","  70.0","23","  65.5","23","1015.7","23","014.7","23","  2.6","23","  5.3","23"," 10.1","999.9","  75.9","*","  60.1"," "," 0.00","C","999.9","110000"
"72503014732","1975-09-21","40.77945","-73.88027","3.0","LAGUARDIA AIRPORT, NY US","  69.3","24","  63.4","24","1014.3","24","013.3","24","  7.3","24","  6.3","24"," 12.0"," 19.8","  77.0"," ","  64.0","*"," 0.29","C","999.9","010010"
"72503014732","1975-09-22","40.77945","-73.88027","3.0","LAGUARDIA AIRPORT, NY US","  64.5","24","  51.5","24","1019.0","24","017.9","24"," 11.7","24","  7.4","24"," 12.0","999.9","  72.0"," ","  57.0"," "," 0.04","A","999.9","000000"
"72503014732","1975-09-23","40.77945","-73.88027","3.0","LAGUARDIA AIRPORT, NY US","  59.6","23","  54.3","23","1018.7","23","017.7","23","  4.6","23","  7.9","23"," 10.9","999.9","  72.0"," ","  55.9"," "," 1.77","C","999.9","110000"
"72503014732","1975-09-24","40.77945","-73.88027","3.0","LAGUARDIA AIRPORT, NY US","  59.3","22","  55.7","22","1017.9","22","016.9","22","  4.5","22"," 11.7","22"," 15.9"," 19.8","  63.0"," ","  55.9"," "," 0.98","D","999.9","110000"
"72503014732","1975-09-25","40.77945","-73.88027","3.0","LAGUARDIA AIRPORT, NY US","  59.2","24","  55.1","24","1024.2","24","023.2","24","  5.7","24"," 14.8","24"," 19.8"," 28.9","  63.0"," ","  55.9"," "," 2.17","D","999.9","110000"
"72503014732","1975-09-26","40.77945","-73.88027","3.0","LAGUARDIA AIRPORT, NY US","  64.9","24","  60.6","24","1020.3","24","019.3","24","  3.4","24","  9.9","24"," 17.9"," 19.8","  72.0","*","  57.9"," "," 2.44","D","999.9","110010"
"72503014732","1975-09-27","40.77945","-73.88027","3.0","LAGUARDIA AIRPORT, NY US","  68.5","24","  61.9","24","1014.4","24","013.4","24","  6.2","24","  7.3","24"," 11.1","999.9","  72.0"," ","  62.1"," "," 0.83","B","999.9","100000"
"72503014732","1975-09-28","40.77945","-73.88027","3.0","LAGUARDIA AIRPORT, NY US","  62.4","24","  48.9","24","1017.7","24","016.7","24"," 17.4","24"," 10.2","24"," 15.9"," 16.9","  72.0"," ","  57.0"," "," 0.00","I","999.9","000000"
"72503014732","1975-09-29","40.77945","-73.88027","3.0","LAGUARDIA AIRPORT, NY US","  61.8","22","  48.6","22","1023.9","22","022.9","22"," 16.5","22","  6.0","22","  8.9","999.9","  69.1"," ","  52.0","*"," 0.71","A","999.9","000000"
"72503014732","1975-09-30","40.77945","-73.88027","3.0","LAGUARDIA AIRPORT, NY US","  62.7","23","  53.2","23","1023.5","23","022.5","23","  8.9","23","  5.2","23"," 11.1","999.9","  70.0"," ","  55.0"," "," 0.00","I","999.9","000000"
"72503014732","1975-10-01","40.77945","-73.88027","3.0","LAGUARDIA AIRPORT, NY US","  64.5","24","  56.3","24","1021.2","24","020.1","24","  6.7","24","  6.5","24"," 11.1","999.9","  71.1"," ","  55.9"," "," 0.00","I","999.9","100000"
"72503014732","1975-10-02","40.77945","-73.88027","3.0","LAGUARDIA AIRPORT, NY US","  62.5","24","  52.5","24","1013.5","24","012.4","24"," 11.5","24","  7.9","24"," 22.0"," 25.8","  71.1"," ","  54.0","*"," 0.00","A","999.9","010000"
"72503014732","1975-10-03","40.77945","-73.88027","3.0","LAGUARDIA AIRPORT, NY US","  50.5","24","  32.6","24","1027.4","24","026.3","24"," 18.2","24"," 10.1","24"," 15.9"," 25.8","  64.9"," ","  42.1"," "," 0.00","I","999.9","000000"
"72503014732","1975-10-04","40.77945","-73.88027","3.0","LAGUARDIA AIRPORT, NY US","  58.5","24","  39.5","24","1027.8","24","026.7","24"," 16.4","24","  7.4","24"," 14.0","999.9","  70.0"," ","  42.1"," "," 0.00","I","999.9","000000"
"72503014732","1975-10-05","40.77945","-73.88027","3.0","LAGUARDIA AIRPORT, NY US","  61.1","24","  47.8","24","1029.6","24","028.6","24"," 12.7","24","  6.9","24"," 12.0","999.9","  71.1"," ","  46.9"," "," 0.00","I","999.9","000000"
"72503014732","1975-10-06","40.77945","-73.88027","3.0","LAGUARDIA AIRPORT, NY US","  66.4","24","  54.0","24","1019.2","24","018.1","24","  8.5","24","  8.3","24"," 13.0"," 19.8","  75.0","*","  53.1"," "," 0.00","A","999.9","000000"
"72503014732","1975-10-07","40.77945","-73.88027","3.0","LAGUARDIA AIRPORT, NY US","  62.1","24","  41.1","24","1020.2","24","019.2","24"," 17.6","24","  9.4","24"," 15.9"," 19.8","  75.0"," ","  54.0"," "," 0.00","I","999.9","000000"
"72503014732","1975-10-08","40.77945","-73.88027","3.0","LAGUARDIA AIRPORT, NY US","  61.1","24","  41.1","24","1022.9","24","021.8","24"," 12.4","24","  4.8","24","  8.9","999.9","  73.0","*","  50.0"," "," 0.00","I","999.9","000000"
"72503014732","1975-10-09","40.77945","-73.88027","3.0","LAGUARDIA AIRPORT, NY US","  60.6","24","  47.1","24","1025.6","24","024.6","24"," 17.1","24"," 10.6","24"," 15.9"," 19.8","  73.0"," ","  50.0"," ","99.99"," ","999.9","010000"
"72503014732","1975-10-10","40.77945","-73.88027","3.0","LAGUARDIA AIRPORT, NY US","  55.9","24","  43.9","24","1025.3","24","024.2","24"," 14.7","24","  7.2","24"," 10.1"," 12.8","  63.0"," ","  53.1"," "," 0.04","B","999.9","010000"
"72503014732","1975-10-11","40.77945","-73.88027","3.0","LAGUARDIA AIRPORT, NY US","  59.5","24","  52.5","24","1020.2","24","019.2","24","  8.7","24","  6.2","24"," 10.1","999.9","  68.0","*","  52.0"," "," 0.16","B","999.9","110000"
"72503014732","1975-10-12","40.77945","-73.88027","3.0","LAGUARDIA AIRPORT, NY US","  58.3","24","  47.8","24","1014.7","24","013.6","24"," 15.2","24"," 12.2","24"," 18.1"," 25.8","  64.0"," ","  52.0"," "," 0.08","B","999.9","010000"
"72503014732","1975-10-13","40.77945","-73.88027","3.0","LAGUARDIA AIRPORT, NY US","  60.5","24","  46.3","24","1016.7","24","015.6","24"," 17.2","24"," 11.4","24"," 18.1"," 19.8","  70.0","*","  52.0"," "," 0.00","I","999.9","000000"
"72503014732","1975-10-14","40.77945","-73.88027","3.0","LAGUARDIA AIRPORT, NY US","  68.8","24","  55.2","24","1013.5","24","012.4","24","  8.8","24","  7.0","24"," 13.0","999.9","  82.0","*","  55.0"," "," 0.12","A","999.9","010010"
"72503014732","1975-10-15","40.77945","-73.88027","3.0","LAGUARDIA AIRPORT, NY US","  72.7","24","  55.6","24","1012.2","24","011.1","24","  7.5","24","  9.0","24"," 15.0"," 23.9","  86.0"," ","  60.1"," "," 0.00","I","999.9","000000"
"72503014732","1975-10-16","40.77945","-73.88027","3.0","LAGUARDIA AIRPORT, NY US","  70.2","24","  50.6","24","1011.4","24","010.4","24"," 13.9","24"," 11.7","24"," 15.0"," 21.0","  82.0"," ","  64.0"," "," 0.00","I","999.9","000000"
"72503014732","1975-10-17","40.77945","-73.88027","3.0","LAGUARDIA AIRPORT, NY US","  56.5","24","  39.1","24","1020.8","24","019.7","24"," 18.5","24","  9.7","24"," 15.0"," 19.8","  72.0"," ","  54.0"," "," 0.00","A","999.9","010000"
"72503014732","1975-10-18","40.77945","-73.88027","3.0","LAGUARDIA AIRPORT, NY US","  61.1","24","  55.2","24","1011.8","24","010.8","24","  4.9","24"," 12.3","24"," 18.1"," 23.9","  70.0"," ","  53.1"," "," 0.75","D","999.9","110000"
"72503014732","1975-10-19","40.77945","-73.88027","3.0","LAGUARDIA AIRPORT, NY US","  53.2","24","  49.0","24","1017.0","24","015.9","24","  4.9","24"," 17.6","24"," 25.1"," 29.9","  70.0"," ","  51.1"," "," 0.75","D","999.9","110000"
"72503014732","1975-10-20","40.77945","-73.88027","3.0","LAGUARDIA AIRPORT, NY US","  54.0","24","  50.8","24","1013.1","24","012.1","24","  6.0","24"," 10.8","24"," 15.0","999.9","  55.0"," ","  51.1"," "," 0.08","C","999.9","110000"
"72503014732","1975-10-21","40.77945","-73.88027","3.0","LAGUARDIA AIRPORT, NY US","  55.9","24","  44.4","24","1013.3","24","012.2","24"," 10.6","24"," 11.2","24"," 18.1"," 21.0","  69.1","*","  46.9"," "," 0.00","A","999.9","000000"
"72503014732","1975-10-22","40.77945","-73.88027","3.0","LAGUARDIA AIRPORT, NY US","  66.1","24","  50.0","24","1011.7","24","010.6","24","  9.7","24"," 10.1","24"," 14.0"," 18.8","  75.9","*","  46.9"," "," 0.00","I","999.9","000000"
"72503014732","1975-10-23","40.77945","-73.88027","3.0","LAGUARDIA AIRPORT, NY US","  62.4","24","  53.1","24","1021.4","24","020.4","24"," 10.6","24","  7.4","24"," 15.0","999.9","  75.9"," ","  55.9"," "," 0.00","I","999.9","000000"
"72503014732","1975-10-24","40.77945","-73.88027","3.0","LAGUARDIA AIRPORT, NY US","  61.5","24","  56.5","24","1028.4","24","027.4","24","  7.1","24","  9.4","24"," 15.0"," 16.9","  68.0","*","  55.9"," "," 0.00","I","999.9","100000"
"72503014732","1975-10-25","40.77945","-73.88027","3.0","LAGUARDIA AIRPORT, NY US","  63.7","24","  60.5","24","1020.3","24","019.3","24","  5.8","24"," 10.8","24"," 15.9"," 22.0","  68.0"," ","  57.9"," "," 0.33","B","999.9","110000"
"72503014732","1975-10-26","40.77945","-73.88027","3.0","LAGUARDIA AIRPORT, NY US","  60.0","24","  50.6","24","1017.3","24","016.3","24"," 12.2","24","  8.9","24"," 15.0","999.9","  66.9"," ","  55.0","*"," 0.00","A","999.9","100000"
"72503014732","1975-10-27","40.77945","-73.88027","3.0","LAGUARDIA AIRPORT, NY US","  54.8","24","  44.5","24","1022.9","24","021.9","24"," 15.6","24"," 10.4","24"," 15.9"," 22.0","  64.0"," ","  53.1"," "," 0.00","I","999.9","000000"
"72503014732","1975-10-28","40.77945","-73.88027","3.0","LAGUARDIA AIRPORT, NY US","  55.9","24","  47.1","24","1023.4","24","022.3","24","  9.2","24","  5.8","24"," 12.0","999.9","  64.0"," ","  48.9"," "," 0.00","I","999.9","100000"
"72503014732","1975-10-29","40.77945","-73.88027","3.0","LAGUARDIA AIRPORT, NY US","  61.4","24","  52.8","24","1019.6","24","018.6","24","  6.0","24","  7.3","24"," 11.1","999.9","  69.1","*","  48.9"," "," 0.00","I","999.9","100000"
"72503014732","1975-10-30","40.77945","-73.88027","3.0","LAGUARDIA AIRPORT, NY US","  51.4","24","  36.8","24","1019.3","24","018.2","24"," 17.0","24"," 13.9","24"," 22.0"," 28.0","  69.1"," ","  41.0","*"," 0.04","B","999.9","010000"
"72503014732","1975-10-31","40.77945","-73.88027","3.0","LAGUARDIA AIRPORT, NY US","  39.0","24","  19.4","24","1028.3","24","027.3","24"," 24.4","24"," 11.8","24"," 21.0"," 25.8","  57.9"," ","  33.1"," "," 0.00","I","999.9","000000"
"72503014732","1975-11-01","40.77945","-73.88027","3.0","LAGUARDIA AIRPORT, NY US","  47.9","24","  25.5","24","1028.1","24","027.1","24"," 17.0","24","  9.9","24"," 18.1"," 26.8","  57.0","*","  33.1"," ","99.99"," ","999.9","010000"
"72503014732","1975-11-02","40.77945","-73.88027","3.0","LAGUARDIA AIRPORT, NY US","  58.2","24","  38.3","24","1023.2","24","022.2","24"," 13.3","24","  8.9","24"," 15.0"," 22.9","  66.0","*","  39.9"," "," 0.00","I","999.9","000000"
"72503014732","1975-11-03","40.77945","-73.88027","3.0","LAGUARDIA AIRPORT, NY US","  65.0","24","  48.1","24","1021.9","24","020.9","24","  9.2","24","  9.2","24"," 12.0"," 17.9","  73.0","*","  53.1"," "," 0.00","I","999.9","000000"
"72503014732","1975-11-04","40.77945","-73.88027","3.0","LAGUARDIA AIRPORT, NY US","  68.2","24","  50.3","24","1018.1","24","017.1","24","  9.8","24"," 11.8","24"," 18.1"," 23.9","  75.0"," ","  57.9"," "," 0.00","I","999.9","000000"
"72503014732","1975-11-05","40.77945","-73.88027","3.0","LAGUARDIA AIRPORT, NY US","  65.0","24","  46.3","24","1017.9","24","016.9","24"," 15.7","24"," 13.1","24"," 15.9"," 23.9","  75.0"," ","  59.0"," "," 0.00","I","999.9","000000"
"72503014732","1975-11-06","40.77945","-73.88027","3.0","LAGUARDIA AIRPORT, NY US","  58.5","24","  38.8","24","1024.2","24","023.3","24"," 15.9","24","  8.1","24"," 13.0"," 17.9","  71.1"," ","  51.1"," "," 0.00","I","999.9","000000"
"72503014732","1975-11-07","40.77945","-73.88027","3.0","LAGUARDIA AIRPORT, NY US","  60.4","24","  52.7","24","1021.6","24","020.7","24","  8.7","24","  6.5","24"," 12.0","999.9","  68.0"," ","  51.1"," "," 0.00","I","999.9","000000"
"72503014732","1975-11-08","40.77945","-73.88027","3.0","LAGUARDIA AIRPORT, NY US","  66.8","24","  58.9","24","1015.5","24","014.4","24","  7.1","24"," 11.1","24"," 15.9"," 22.0","  73.9","*","  54.0"," ","99.99"," ","999.9","010000"
"72503014732","1975-11-09","40.77945","-73.88027","3.0","LAGUARDIA AIRPORT, NY US","  66.2","24","  57.4","24","1019.7","24","018.6","24","  6.4","24","  7.6","24"," 13.0","999.9","  73.9"," ","  60.1","*"," 0.00","I","999.9","100000"
"72503014732","1975-11-10","40.77945","-73.88027","3.0","LAGUARDIA AIRPORT, NY US","  63.2","24","  60.2","24","1018.7","24","017.6","24","  2.2","24","  9.4","24"," 19.8"," 22.9","  71.1"," ","  59.0"," "," 0.16","C","999.9","110000"
"72503014732","1975-11-11","40.77945","-73.88027","3.0","LAGUARDIA AIRPORT, NY US","  58.0","24","  36.1","24","1018.3","24","017.2","24"," 18.4","24"," 11.7","24"," 17.1"," 30.9","  68.0"," ","  51.1"," "," 0.02","B","999.9","010000"
"72503014732","1975-11-12","40.77945","-73.88027","3.0","LAGUARDIA AIRPORT, NY US","  52.6","24","  37.6","24","1017.6","24","016.5","24"," 10.8","24","  7.1","24"," 13.0","999.9","  61.0"," ","  44.1"," "," 0.02","A","999.9","010000"
"72503014732","1975-11-13","40.77945","-73.88027","3.0","LAGUARDIA AIRPORT, NY US","  51.5","24","  47.6","24","1002.8","24","001.6","24","  6.9","24"," 10.2","24"," 15.9"," 22.9","  57.9"," ","  44.1"," "," 1.97","D","999.9","110000"
"72503014732","1975-11-14","40.77945","-73.88027","3.0","LAGUARDIA AIRPORT, NY US","  42.4","24","  34.2","24"," 999.2","24","998.2","24"," 12.4","24"," 13.7","24"," 17.1"," 29.9","  53.1"," ","  37.9"," "," 0.02","D","999.9","011000"
"72503014732","1975-11-15","40.77945","-73.88027","3.0","LAGUARDIA AIRPORT, NY US","  40.6","24","  23.9","24","1012.4","24","011.4","24"," 18.9","24"," 14.3","24"," 19.0"," 26.8","  48.9","*","  36.0"," "," 0.00","B","999.9","001000"
"72503014732","1975-11-16","40.77945","-73.88027","3.0","LAGUARDIA AIRPORT, NY US","  46.6","24","  27.7","24","1016.1","24","015.0","24"," 14.8","24"," 12.7","24"," 21.0"," 28.0","  52.0"," ","  36.0"," "," 0.00","I","999.9","000000"
"72503014732","1975-11-17","40.77945","-73.88027","3.0","LAGUARDIA AIRPORT, NY US","  47.5","24","  34.1","24","1023.6","24","022.5","24"," 11.6","24","  7.6","24"," 13.0"," 16.9","  57.9","*","  39.0"," "," 0.00","I","999.9","000000"
"72503014732","1975-11-18","40.77945","-73.88027","3.0","LAGUARDIA AIRPORT, NY US","  56.3","24","  42.4","24","1024.2","24","023.1","24","  8.3","24","  8.1","24"," 12.0","999.9","  64.9"," ","  39.0"," "," 0.00","I","999.9","000000"
"72503014732","1975-11-19","40.77945","-73.88027","3.0","LAGUARDIA AIRPORT, NY US","  55.0","24","  44.2","24","1026.2","24","025.1","24","  7.0","24","  5.7","24","  8.9","999.9","  64.9"," ","  48.0"," "," 0.00","I","999.9","000000"
"72503014732","1975-11-20","40.77945","-73.88027","3.0","LAGUARDIA AIRPORT, NY US","  54.5","24","  46.3","24","1020.4","24","019.4","24","  4.4","24","  8.1","24"," 13.0","999.9","  64.9"," ","  46.9"," "," 0.00","I","999.9","100000"
"72503014732","1975-11-21","40.77945","-73.88027","3.0","LAGUARDIA AIRPORT, NY US","  57.3","24","  50.9","24","1009.7","24","008.7","24","  5.4","24"," 11.9","24"," 20.0"," 31.9","  64.9"," ","  46.9"," "," 0.39","A","999.9","110000"
"72503014732","1975-11-22","40.77945","-73.88027","3.0","LAGUARDIA AIRPORT, NY US","  46.5","24","  33.2","24","1012.7","24","011.7","24"," 18.6","24"," 14.3","24"," 18.1"," 28.9","  62.1"," ","  42.1"," "," 0.43","B","999.9","010000"
"72503014732","1975-11-23","40.77945","-73.88027","3.0","LAGUARDIA AIRPORT, NY US","  40.8","24","  24.4","24","1027.9","24","026.9","24"," 18.0","24","  8.3","24"," 15.9"," 19.8","  48.9"," ","  36.0"," "," 0.00","I","999.9","000000"
"72503014732","1975-11-24","40.77945","-73.88027","3.0","LAGUARDIA AIRPORT, NY US","  42.8","24","  27.7","24","1024.0","24","023.0","24"," 17.6","24"," 14.3","24"," 26.0"," 32.8","  46.0"," ","  36.0"," "," 0.00","I","999.9","000000"
"72503014732","1975-11-25","40.77945","-73.88027","3.0","LAGUARDIA AIRPORT, NY US","  41.0","24","  28.0","24","1018.2","24","017.2","24"," 13.5","24","  9.3","24"," 17.1"," 17.9","  45.0"," ","  39.0"," "," 0.00","I","999.9","000000"
"72503014732","1975-11-26","40.77945","-73.88027","3.0","LAGUARDIA AIRPORT, NY US","  41.6","24","  30.4","24","1026.6","24","025.5","24","  8.3","24","  7.1","24"," 10.1","999.9","  45.0","*","  37.9"," "," 0.00","A","999.9","010000"
"72503014732","1975-11-27","40.77945","-73.88027","3.0","LAGUARDIA AIRPORT, NY US","  49.7","24","  41.5","24","1021.0","24","019.9","24","  8.0","24"," 10.8","24"," 22.0"," 26.8","  59.0","*","  37.9"," "," 0.16","G","999.9","110000"
"72503014732","1975-11-28","40.77945","-73.88027","3.0","LAGUARDIA AIRPORT, NY US","  46.0","24","  30.5","24","1020.9","24","019.9","24"," 14.1","24"," 12.2","24"," 17.1"," 23.9","  59.0"," ","  41.0"," "," 0.00","G","999.9","000000"
"72503014732","1975-11-29","40.77945","-73.88027","3.0","LAGUARDIA AIRPORT, NY US","  43.3","24","  26.4","24","1032.8","24","031.7","24"," 13.1","24","  9.9","24"," 17.1"," 19.8","  48.9"," ","  39.0"," "," 0.00","I","999.9","000000"
"72503014732","1975-11-30","40.77945","-73.88027","3.0","LAGUARDIA AIRPORT, NY US","  50.1","24","  40.1","24","1030.4","24","029.3","24","  8.7","24"," 10.5","24"," 14.0"," 19.8","  55.9"," ","  39.0"," "," 0.00","A","999.9","010000"
"72503014732","1975-12-01","40.77945","-73.88027","3.0","LAGUARDIA AIRPORT, NY US","  51.9","24","  41.6","24","1016.2","24","015.2","24"," 11.7","24"," 13.7","24"," 24.1"," 32.8","  60.1"," ","  39.9","*"," 0.12","B","999.9","010000"
"72503014732","1975-12-02","40.77945","-73.88027","3.0","LAGUARDIA AIRPORT, NY US","  37.1","24","  18.2","24","1022.5","24","021.4","24"," 16.9","24"," 10.1","24"," 15.0"," 21.0","  42.1","*","  33.1"," "," 0.00","I","999.9","000000"
"72503014732","1975-12-03","40.77945","-73.88027","3.0","LAGUARDIA AIRPORT, NY US","  38.6","24","  19.6","24","1017.4","24","016.3","24"," 17.1","24"," 14.3","24"," 20.0"," 26.8","  42.1"," ","  33.1"," "," 0.00","I","999.9","000000"
"72503014732","1975-12-04","40.77945","-73.88027","3.0","LAGUARDIA AIRPORT, NY US","  32.3","24","  14.7","24","1028.7","24","027.6","24"," 18.2","24"," 10.4","24"," 18.1"," 23.9","  41.0"," ","  30.0"," "," 0.00","I","999.9","000000"
"72503014732","1975-12-05","40.77945","-73.88027","3.0","LAGUARDIA AIRPORT, NY US","  38.7","24","  21.4","24","1031.3","24","030.3","24"," 13.8","24","  7.2","24"," 15.0"," 17.9","  50.0","*","  30.0"," "," 0.00","I","999.9","000000"
"72503014732","1975-12-06","40.77945","-73.88027","3.0","LAGUARDIA AIRPORT, NY US","  47.2","24","  40.4","24","1023.3","24","022.2","24","  5.1","24","  8.0","24"," 10.1","999.9","  55.0","*","  32.0"," ","99.99"," ","999.9","110000"
"72503014732","1975-12-07","40.77945","-73.88027","3.0","LAGUARDIA AIRPORT, NY US","  39.7","24","  22.4","24","1026.5","24","025.4","24"," 18.8","24"," 13.7","24"," 18.1"," 28.0","  55.0"," ","  32.0"," "," 0.02","A","999.9","010000"
"72503014732","1975-12-08","40.77945","-73.88027","3.0","LAGUARDIA AIRPORT, NY US","  32.1","24","  18.6","24","1027.6","24","026.5","24"," 15.2","24"," 13.5","24"," 18.1"," 24.9","  46.0"," ","  28.0"," "," 0.47","A","999.9","001000"
"72503014732","1975-12-09","40.77945","-73.88027","3.0","LAGUARDIA AIRPORT, NY US","  38.9","24","  33.6","24","1019.7","24","018.6","24","  6.2","24"," 16.9","24"," 22.0"," 28.9","  44.1","*","  28.0"," "," 0.00","H","999.9","111000"
"72503014732","1975-12-10","40.77945","-73.88027","3.0","LAGUARDIA AIRPORT, NY US","  48.6","24","  42.1","24","1004.5","24","003.4","24","  7.7","24"," 10.6","24"," 17.1"," 23.9","  53.1"," ","  35.1"," "," 0.59","G","999.9","110000"
"72503014732","1975-12-11","40.77945","-73.88027","3.0","LAGUARDIA AIRPORT, NY US","  40.9","24","  26.2","24","1014.0","24","012.9","24"," 14.8","24"," 14.2","24"," 20.0"," 28.9","  53.1"," ","  37.0"," "," 0.00","G","999.9","000000"
"72503014732","1975-12-12","40.77945","-73.88027","3.0","LAGUARDIA AIRPORT, NY US","  40.0","24","  15.3","24","1029.3","24","028.2","24"," 17.4","24"," 10.2","24"," 13.0","999.9","  45.0"," ","  37.0"," "," 0.00","I","999.9","000000"
"72503014732","1975-12-13","40.77945","-73.88027","3.0","LAGUARDIA AIRPORT, NY US","  41.5","24","  30.4","24","1037.5","24","036.5","24"," 13.4","24"," 12.2","24"," 19.0","999.9","  44.1","*","  37.0"," ","99.99"," ","999.9","110000"
"72503014732","1975-12-14","40.77945","-73.88027","3.0","LAGUARDIA AIRPORT, NY US","  47.8","24","  43.2","24","1034.4","24","033.3","24","  3.2","24","  7.9","24"," 13.0","999.9","  55.0","*","  39.9"," "," 0.01","A","999.9","110000"
"72503014732","1975-12-15","40.77945","-73.88027","3.0","LAGUARDIA AIRPORT, NY US","  51.7","24","  42.9","24","1018.3","24","017.2","24","  5.6","24"," 11.3","24"," 15.0"," 22.9","  62.1","*","  44.1"," ","99.99"," ","999.9","010000"
"72503014732","1975-12-16","40.77945","-73.88027","3.0","LAGUARDIA AIRPORT, NY US","  48.5","24","  37.8","24","1012.7","24","011.6","24"," 13.9","24"," 10.7","24"," 15.9"," 24.9","  62.1"," ","  37.9","*"," 0.02","B","999.9","010000"
"72503014732","1975-12-17","40.77945","-73.88027","3.0","LAGUARDIA AIRPORT, NY US","  36.1","24","  20.1","24","1023.0","24","021.9","24"," 14.7","24","  7.9","24"," 14.0","999.9","  55.0"," ","  30.0"," "," 0.00","I","999.9","000000"
"72503014732","1975-12-18","40.77945","-73.88027","3.0","LAGUARDIA AIRPORT, NY US","  35.5","24","  20.8","24","1010.2","24","009.1","24"," 15.4","24"," 14.1","24"," 28.0"," 43.9","  43.0"," ","  27.0","*"," 0.00","I","999.9","000000"
"72503014732","1975-12-19","40.77945","-73.88027","3.0","LAGUARDIA AIRPORT, NY US","  22.4","24","   2.3","24","1020.8","24","019.7","24"," 21.7","24"," 15.9","24"," 25.1"," 41.0","  39.9"," ","  19.0"," "," 0.00","I","999.9","000000"
"72503014732","1975-12-20","40.77945","-73.88027","3.0","LAGUARDIA AIRPORT, NY US","  28.5","24","  11.3","24","1026.7","24","025.7","24"," 13.3","24","  9.9","24"," 17.1"," 22.0","  42.1","*","  19.0"," ","99.99"," ","999.9","111000"
"72503014732","1975-12-21","40.77945","-73.88027","3.0","LAGUARDIA AIRPORT, NY US","  27.3","24","  19.8","24","1022.3","24","021.2","24"," 10.0","24"," 13.5","24"," 18.1"," 25.8","  42.1"," ","  23.0"," "," 0.36","C","999.9","011000"
"72503014732","1975-12-22","40.77945","-73.88027","3.0","LAGUARDIA AIRPORT, NY US","  29.0","24","  22.0","24","1009.9","24","008.8","24","  4.5","24"," 15.8","24"," 25.1"," 29.9","  33.1","*","  23.0"," "," 0.19","C","  2.0","011000"
"72503014732","1975-12-23","40.77945","-73.88027","3.0","LAGUARDIA AIRPORT, NY US","  30.7","24","  15.3","24","1010.3","24","009.2","24"," 15.2","24"," 14.5","24"," 18.1"," 28.9","  34.0"," ","  26.1"," "," 0.00","A","  2.0","000000"
"72503014732","1975-12-24","40.77945","-73.88027","3.0","LAGUARDIA AIRPORT, NY US","  21.4","24","   3.8","24","1027.8","24","026.7","24"," 18.1","24"," 13.3","24"," 21.0"," 29.9","  34.0"," ","  16.0"," "," 0.00","I","  1.2","000000"
"72503014732","1975-12-25","40.77945","-73.88027","3.0","LAGUARDIA AIRPORT, NY US","  21.9","24","  11.0","24","1032.9","24","031.9","24"," 10.7","24","  8.9","24"," 11.8","999.9","  30.9","*","  16.0"," ","99.99"," ","999.9","101000"
"72503014732","1975-12-26","40.77945","-73.88027","3.0","LAGUARDIA AIRPORT, NY US","  42.4","24","  38.0","24","1014.1","24","013.1","24","  3.0","24"," 11.4","24"," 15.9"," 24.9","  53.1","*","  17.1"," "," 1.73","D","999.9","111000"
"72503014732","1975-12-27","40.77945","-73.88027","3.0","LAGUARDIA AIRPORT, NY US","  42.8","24","  33.4","24","1008.9","24","007.8","24"," 11.3","24"," 12.0","24"," 15.9"," 25.8","  53.1"," ","  34.0"," "," 0.12","A","999.9","000000"
"72503014732","1975-12-28","40.77945","-73.88027","3.0","LAGUARDIA AIRPORT, NY US","  33.2","24","  18.3","24","1020.9","24","019.8","24"," 13.0","24"," 12.2","24"," 17.1"," 19.8","  46.0"," ","  28.9"," "," 0.00","I","999.9","000000"
"72503014732","1975-12-29","40.77945","-73.88027","3.0","LAGUARDIA AIRPORT, NY US","  32.0","24","  16.2","24","1029.5","24","028.4","24"," 13.9","24","  9.2","24"," 13.0"," 17.9","  36.0","*","  28.0"," "," 0.00","I","999.9","000000"
"72503014732","1975-12-30","40.77945","-73.88027","3.0","LAGUARDIA AIRPORT, NY US","  35.2","24","  21.8","24","1027.2","24","026.2","24","  8.7","24","  7.7","24"," 11.1","999.9","  41.0","*","  28.0"," ","99.99"," ","999.9","011000"
"72503014732","1975-12-31","40.77945","-73.88027","3.0","LAGUARDIA AIRPORT, NY US","  40.8","24","  35.3","24","1013.9","24","012.9","24","  5.6","24","  7.2","24"," 14.0","999.9","  45.0"," ","  32.0"," "," 0.67","G","999.9","110000"
