"STATION","DATE","LATITUDE","LONGITUDE","ELEVATION","NAME","TEMP","TEMP_ATTRIBUTES","DEWP","DEWP_ATTRIBUTES","SLP","SLP_ATTRIBUTES","STP","STP_ATTRIBUTES","VISIB","VISIB_ATTRIBUTES","WDSP","WDSP_ATTRIBUTES","MXSPD","GUST","MAX","MAX_ATTRIBUTES","MIN","MIN_ATTRIBUTES","PRCP","PRCP_ATTRIBUTES","SNDP","FRSHTT"
"72503014732","2002-01-01","40.77945","-73.88027","3.0","LAGUARDIA AIRPORT, NY US","  28.0","24","  11.0","24","1018.2","24","999.9"," 0","  9.9","24"," 11.7","24"," 16.9"," 22.0","  36.0"," ","  21.9"," "," 0.00","G","999.9","000000"
"72503014732","2002-01-02","40.77945","-73.88027","3.0","LAGUARDIA AIRPORT, NY US","  30.0","24","  15.5","24","1023.4","24","999.9"," 0","  9.9","24"," 13.8","24"," 21.0"," 27.0","  37.0"," ","  23.0"," "," 0.00","G","999.9","000000"
"72503014732","2002-01-03","40.77945","-73.88027","3.0","LAGUARDIA AIRPORT, NY US","  31.4","24","  16.2","24","1017.8","24","999.9"," 0","  9.9","24","  7.4","24"," 11.1","999.9","  37.0"," ","  25.0"," "," 0.00","G","999.9","000000"
"72503014732","2002-01-04","40.77945","-73.88027","3.0","LAGUARDIA AIRPORT, NY US","  34.1","24","  18.0","24","1014.7","24","999.9"," 0","  9.9","24","  9.6","24"," 15.9"," 21.0","  39.9"," ","  28.0"," "," 0.00","G","999.9","000000"
"72503014732","2002-01-05","40.77945","-73.88027","3.0","LAGUARDIA AIRPORT, NY US","  37.0","24","  15.6","24","1017.5","24","999.9"," 0","  9.9","24"," 11.2","24"," 15.0"," 20.0","  43.0"," ","  30.9"," "," 0.00","G","999.9","000000"
"72503014732","2002-01-06","40.77945","-73.88027","3.0","LAGUARDIA AIRPORT, NY US","  38.1","24","  20.5","24","1013.8","24","999.9"," 0"," 10.0","24","  6.3","24"," 15.9","999.9","  43.0"," ","  34.0"," "," 0.00","G","999.9","010000"
"72503014732","2002-01-07","40.77945","-73.88027","3.0","LAGUARDIA AIRPORT, NY US","  36.1","24","  31.9","24"," 998.5","21","999.9"," 0","  6.5","24"," 13.1","24"," 22.9"," 28.9","  39.2","*","  30.2","*"," 0.68","G","999.9","111000"
"72503014732","2002-01-08","40.77945","-73.88027","3.0","LAGUARDIA AIRPORT, NY US","  28.8","24","  18.5","24","1011.1","24","999.9"," 0","  8.8","24"," 11.6","24"," 18.1"," 22.9","  37.0"," ","  23.0"," "," 0.02","G","999.9","101000"
"72503014732","2002-01-09","40.77945","-73.88027","3.0","LAGUARDIA AIRPORT, NY US","  34.5","24","  23.8","24","1009.3","24","999.9"," 0","  9.7","24"," 11.7","24"," 15.9"," 22.9","  39.9"," ","  23.0"," "," 0.00","G","999.9","011000"
"72503014732","2002-01-10","40.77945","-73.88027","3.0","LAGUARDIA AIRPORT, NY US","  45.4","24","  32.5","24","1005.9","24","999.9"," 0","  9.9","24"," 10.1","24"," 13.0"," 18.1","  52.0"," ","  32.0"," "," 0.09","G","999.9","000000"
"72503014732","2002-01-11","40.77945","-73.88027","3.0","LAGUARDIA AIRPORT, NY US","  44.4","24","  34.8","24","1007.3","24","999.9"," 0","  9.1","24","  6.2","24"," 17.1"," 22.9","  52.0"," ","  39.9"," "," 0.00","G","999.9","110000"
"72503014732","2002-01-12","40.77945","-73.88027","3.0","LAGUARDIA AIRPORT, NY US","  42.6","24","  25.2","24","1011.8","24","999.9"," 0","  9.9","24"," 12.1","24"," 21.0"," 28.0","  46.0"," ","  39.9"," "," 0.24","G","999.9","000000"
"72503014732","2002-01-13","40.77945","-73.88027","3.0","LAGUARDIA AIRPORT, NY US","  42.3","24","  27.8","24","1001.5","24","999.9"," 0","  9.9","24"," 14.0","24"," 30.1"," 39.0","  46.0"," ","  39.0"," "," 0.02","G","999.9","010000"
"72503014732","2002-01-14","40.77945","-73.88027","3.0","LAGUARDIA AIRPORT, NY US","  39.0","24","  19.8","24","1015.9","24","999.9"," 0","  9.9","24"," 11.1","24"," 22.9"," 28.0","  43.0","*","  35.6","*"," 0.03","A","999.9","000000"
"72503014732","2002-01-15","40.77945","-73.88027","3.0","LAGUARDIA AIRPORT, NY US","  41.3","24","  33.0","24","1011.5","24","999.9"," 0","  7.8","24","  7.4","24"," 19.0"," 26.0","  50.0"," ","  36.0"," "," 0.00","G","999.9","100000"
"72503014732","2002-01-16","40.77945","-73.88027","3.0","LAGUARDIA AIRPORT, NY US","  40.9","24","  23.4","24","1017.7","24","999.9"," 0","  9.9","24"," 14.4","24"," 21.0"," 28.9","  50.0"," ","  37.0"," "," 0.00","G","999.9","000000"
"72503014732","2002-01-17","40.77945","-73.88027","3.0","LAGUARDIA AIRPORT, NY US","  40.7","24","  24.2","24","1016.1","24","999.9"," 0","  9.5","24","  8.2","24"," 15.0"," 25.1","  46.9"," ","  34.0"," "," 0.00","G","999.9","101000"
"72503014732","2002-01-18","40.77945","-73.88027","3.0","LAGUARDIA AIRPORT, NY US","  37.1","24","  16.7","24","1016.8","24","999.9"," 0","  9.9","24"," 12.6","24"," 20.0"," 26.0","  46.9"," ","  34.0"," "," 0.00","G","999.9","000000"
"72503014732","2002-01-19","40.77945","-73.88027","3.0","LAGUARDIA AIRPORT, NY US","  29.9","24","  13.4","24","1022.1","24","999.9"," 0","  8.6","24","  8.4","24"," 15.9"," 22.0","  35.1","*","  26.6","*"," 0.00","G","  1.2","101000"
"72503014732","2002-01-20","40.77945","-73.88027","3.0","LAGUARDIA AIRPORT, NY US","  31.4","24","  23.7","24","1016.6","21","999.9"," 0","  7.5","24","  9.3","24"," 14.0","999.9","  39.0"," ","  27.0"," "," 0.10","G","  2.0","101000"
"72503014732","2002-01-21","40.77945","-73.88027","3.0","LAGUARDIA AIRPORT, NY US","  36.1","24","  26.7","24","1016.0","24","999.9"," 0","  9.1","24","  6.6","24"," 15.0"," 21.0","  39.9"," ","  28.0"," "," 0.03","G","  1.2","010000"
"72503014732","2002-01-22","40.77945","-73.88027","3.0","LAGUARDIA AIRPORT, NY US","  41.8","24","  24.5","24","1018.7","24","999.9"," 0","  9.7","24"," 12.6","24"," 19.0"," 25.1","  46.9"," ","  32.0"," "," 0.15","G","  2.0","000000"
"72503014732","2002-01-23","40.77945","-73.88027","3.0","LAGUARDIA AIRPORT, NY US","  44.1","24","  29.7","24","1023.1","24","999.9"," 0","  9.9","24"," 10.1","24"," 18.1"," 28.0","  48.9"," ","  39.0"," "," 0.00","G","999.9","000000"
"72503014732","2002-01-24","40.77945","-73.88027","3.0","LAGUARDIA AIRPORT, NY US","  47.0","24","  44.8","24","1009.4","21","999.9"," 0","  4.9","24","  7.2","24"," 13.0","999.9","  50.0"," ","  39.0"," "," 0.00","G","999.9","110000"
"72503014732","2002-01-25","40.77945","-73.88027","3.0","LAGUARDIA AIRPORT, NY US","  44.7","24","  29.7","24","1011.2","24","999.9"," 0","  9.9","24"," 13.3","24"," 20.0"," 26.0","  51.1"," ","  39.0"," "," 0.39","G","999.9","010000"
"72503014732","2002-01-26","40.77945","-73.88027","3.0","LAGUARDIA AIRPORT, NY US","  45.9","24","  20.3","24","1020.9","24","999.9"," 0","  9.9","24"," 11.0","24"," 15.0"," 21.0","  55.9"," ","  39.0"," "," 0.00","G","999.9","000000"
"72503014732","2002-01-27","40.77945","-73.88027","3.0","LAGUARDIA AIRPORT, NY US","  49.4","24","  24.3","24","1021.4","24","999.9"," 0","  9.9","24","  6.5","24"," 13.0"," 16.9","  61.0"," ","  39.0"," "," 0.00","G","999.9","000000"
"72503014732","2002-01-28","40.77945","-73.88027","3.0","LAGUARDIA AIRPORT, NY US","  53.1","24","  32.2","24","1017.9","24","999.9"," 0","  9.9","24","  7.8","24"," 11.1","999.9","  61.0"," ","  39.0"," "," 0.00","G","999.9","000000"
"72503014732","2002-01-29","40.77945","-73.88027","3.0","LAGUARDIA AIRPORT, NY US","  57.7","24","  39.8","24","1014.1","24","999.9"," 0","  9.9","24","  7.4","24"," 15.0"," 19.0","  68.0"," ","  45.0"," "," 0.00","G","999.9","000000"
"72503014732","2002-01-30","40.77945","-73.88027","3.0","LAGUARDIA AIRPORT, NY US","  58.7","24","  47.8","24","1015.3","24","999.9"," 0","  9.8","24","  8.3","24"," 13.0","999.9","  68.0"," ","  50.0"," "," 0.00","G","999.9","010000"
"72503014732","2002-01-31","40.77945","-73.88027","3.0","LAGUARDIA AIRPORT, NY US","  40.1","24","  35.8","24","1026.7","23","999.9"," 0","  6.6","24"," 10.6","24"," 15.9","999.9","  50.0","*","  35.6","*"," 0.02","G","999.9","110000"
"72503014732","2002-02-01","40.77945","-73.88027","3.0","LAGUARDIA AIRPORT, NY US","  40.1","24","  38.9","24","1014.3","22","999.9"," 0","  2.1","24","  8.9","24"," 22.9"," 34.0","  55.9"," ","  36.0"," "," 0.02","G","999.9","110000"
"72503014732","2002-02-02","40.77945","-73.88027","3.0","LAGUARDIA AIRPORT, NY US","  37.1","24","  17.4","24","1020.4","24","999.9"," 0","  9.9","24"," 19.3","24"," 27.0"," 39.0","  55.9"," ","  30.0"," "," 0.08","G","999.9","000000"
"72503014732","2002-02-03","40.77945","-73.88027","3.0","LAGUARDIA AIRPORT, NY US","  35.8","24","  15.8","24","1024.3","24","999.9"," 0","  9.9","24","  8.4","24"," 15.0"," 20.0","  43.0"," ","  30.0"," "," 0.00","G","999.9","000000"
"72503014732","2002-02-04","40.77945","-73.88027","3.0","LAGUARDIA AIRPORT, NY US","  38.9","24","  21.4","24","1008.9","24","999.9"," 0","  9.9","24","  7.7","24"," 11.1","999.9","  43.0"," ","  30.9"," "," 0.00","G","999.9","000000"
"72503014732","2002-02-05","40.77945","-73.88027","3.0","LAGUARDIA AIRPORT, NY US","  27.4","24","  11.5","24","1018.1","24","999.9"," 0","  9.9","24"," 18.4","24"," 26.0"," 33.0","  39.9","*","  19.4","*"," 0.00","G","999.9","001000"
"72503014732","2002-02-06","40.77945","-73.88027","3.0","LAGUARDIA AIRPORT, NY US","  35.7","24","  14.7","24","1021.1","24","999.9"," 0","  9.9","24","  9.9","24"," 14.0"," 21.0","  43.0"," ","  19.9"," "," 0.00","G","999.9","000000"
"72503014732","2002-02-07","40.77945","-73.88027","3.0","LAGUARDIA AIRPORT, NY US","  39.9","24","  25.7","24","1015.8","24","999.9"," 0","  8.1","24","  6.1","24"," 12.0","999.9","  44.1"," ","  32.0"," "," 0.00","G","999.9","010000"
"72503014732","2002-02-08","40.77945","-73.88027","3.0","LAGUARDIA AIRPORT, NY US","  43.2","24","  26.5","24","1012.8","24","999.9"," 0","  9.5","24","  9.6","24"," 13.0","999.9","  53.1"," ","  37.0"," "," 0.01","G","999.9","000000"
"72503014732","2002-02-09","40.77945","-73.88027","3.0","LAGUARDIA AIRPORT, NY US","  43.0","24","  25.2","24","1026.8","24","999.9"," 0","  9.9","24","  8.7","24"," 15.0"," 18.1","  53.1"," ","  37.0"," "," 0.00","G","999.9","000000"
"72503014732","2002-02-10","40.77945","-73.88027","3.0","LAGUARDIA AIRPORT, NY US","  42.9","24","  35.1","24","1029.9","24","999.9"," 0","  9.8","24","  8.0","24"," 14.0"," 22.0","  51.8","*","  37.4","*"," 0.00","G","999.9","010000"
"72503014732","2002-02-11","40.77945","-73.88027","3.0","LAGUARDIA AIRPORT, NY US","  44.2","24","  34.6","24","1008.3","22","999.9"," 0","  9.2","24"," 16.8","24"," 26.0"," 35.0","  55.9","*","  30.2","*"," 0.46","G","999.9","110000"
"72503014732","2002-02-12","40.77945","-73.88027","3.0","LAGUARDIA AIRPORT, NY US","  32.5","24","   8.8","24","1017.3","24","999.9"," 0","  9.9","24"," 11.7","24"," 19.0"," 28.0","  55.9"," ","  24.1"," "," 0.08","G","999.9","000000"
"72503014732","2002-02-13","40.77945","-73.88027","3.0","LAGUARDIA AIRPORT, NY US","  39.2","24","  17.6","24","1015.5","24","999.9"," 0","  9.9","24"," 14.5","24"," 22.0"," 28.9","  45.0"," ","  24.1"," "," 0.00","G","999.9","000000"
"72503014732","2002-02-14","40.77945","-73.88027","3.0","LAGUARDIA AIRPORT, NY US","  29.4","24","   6.6","24","1029.0","24","999.9"," 0","  9.9","24","  8.6","24"," 15.9"," 22.0","  44.1"," ","  23.0"," "," 0.00","G","999.9","000000"
"72503014732","2002-02-15","40.77945","-73.88027","3.0","LAGUARDIA AIRPORT, NY US","  39.2","24","  22.2","24","1024.5","24","999.9"," 0","  9.9","24"," 11.5","24"," 15.9"," 21.0","  48.9"," ","  23.0"," "," 0.00","G","999.9","000000"
"72503014732","2002-02-16","40.77945","-73.88027","3.0","LAGUARDIA AIRPORT, NY US","  48.3","24","  32.9","24","1011.5","24","999.9"," 0","  9.9","24","  6.9","24"," 11.1"," 18.1","  55.9"," ","  33.1"," "," 0.00","G","999.9","000000"
"72503014732","2002-02-17","40.77945","-73.88027","3.0","LAGUARDIA AIRPORT, NY US","  44.8","24","  27.1","24","1005.7","24","999.9"," 0","  9.9","24"," 10.1","24"," 21.0"," 23.9","  50.0","*","  37.4","*"," 0.00","G","999.9","010000"
"72503014732","2002-02-18","40.77945","-73.88027","3.0","LAGUARDIA AIRPORT, NY US","  36.5","24","  17.4","24","1019.5","24","999.9"," 0","  9.9","24"," 15.1","24"," 21.0"," 28.0","  48.9"," ","  30.9"," "," 0.02","G","999.9","001000"
"72503014732","2002-02-19","40.77945","-73.88027","3.0","LAGUARDIA AIRPORT, NY US","  40.0","24","  15.5","24","1025.0","24","999.9"," 0","  9.9","24","  5.1","24"," 11.1","999.9","  53.1"," ","  30.9"," "," 0.00","G","999.9","000000"
"72503014732","2002-02-20","40.77945","-73.88027","3.0","LAGUARDIA AIRPORT, NY US","  47.4","24","  33.5","24","1019.8","24","999.9"," 0"," 10.0","24","  7.6","24"," 21.0"," 26.0","  53.1"," ","  33.1"," "," 0.00","G","999.9","000000"
"72503014732","2002-02-21","40.77945","-73.88027","3.0","LAGUARDIA AIRPORT, NY US","  53.8","24","  45.0","24","1008.6","23","999.9"," 0","  8.3","24"," 10.0","24"," 17.1"," 19.0","  63.0"," ","  44.1"," "," 0.04","G","999.9","110000"
"72503014732","2002-02-22","40.77945","-73.88027","3.0","LAGUARDIA AIRPORT, NY US","  48.8","24","  30.6","24","1011.1","24","999.9"," 0","  9.9","24"," 11.6","24"," 15.9"," 20.0","  63.0"," ","  45.0"," "," 0.03","G","999.9","000000"
"72503014732","2002-02-23","40.77945","-73.88027","3.0","LAGUARDIA AIRPORT, NY US","  41.2","24","  22.7","24","1017.5","24","999.9"," 0","  9.9","24"," 10.2","24"," 15.0","999.9","  50.0"," ","  35.1"," "," 0.00","G","999.9","000000"
"72503014732","2002-02-24","40.77945","-73.88027","3.0","LAGUARDIA AIRPORT, NY US","  38.3","24","  20.1","24","1023.3","24","999.9"," 0","  9.9","24","  8.5","24"," 11.1","999.9","  46.0"," ","  30.9"," "," 0.00","G","999.9","000000"
"72503014732","2002-02-25","40.77945","-73.88027","3.0","LAGUARDIA AIRPORT, NY US","  42.6","24","  32.4","24","1023.7","24","999.9"," 0","  9.9","24","  7.7","24"," 15.9"," 20.0","  50.0"," ","  30.9"," "," 0.00","G","999.9","000000"
"72503014732","2002-02-26","40.77945","-73.88027","3.0","LAGUARDIA AIRPORT, NY US","  47.9","24","  41.2","24","1011.8","24","999.9"," 0","  9.3","24"," 10.0","24"," 20.0"," 25.1","  57.2","*","  42.8","*"," 0.00","G","999.9","100000"
"72503014732","2002-02-27","40.77945","-73.88027","3.0","LAGUARDIA AIRPORT, NY US","  42.6","24","  32.1","24","1002.3","23","999.9"," 0","  9.2","24"," 11.7","24"," 21.0"," 30.9","  52.0","*","  33.8","*"," 0.00","G","999.9","111000"
"72503014732","2002-02-28","40.77945","-73.88027","3.0","LAGUARDIA AIRPORT, NY US","  32.6","24","  13.0","24","1011.1","24","999.9"," 0","  9.9","24"," 16.9","24"," 22.0"," 34.0","  39.9","*","  26.6","*"," 0.05","G","999.9","001000"
"72503014732","2002-03-01","40.77945","-73.88027","3.0","LAGUARDIA AIRPORT, NY US","  37.5","24","  13.8","24","1026.6","24","999.9"," 0","  9.9","24","  8.7","24"," 15.9"," 21.0","  46.9"," ","  27.0"," "," 0.01","G","999.9","000000"
"72503014732","2002-03-02","40.77945","-73.88027","3.0","LAGUARDIA AIRPORT, NY US","  43.0","24","  26.1","24","1034.1","24","999.9"," 0","  9.9","24","  8.3","24"," 17.1"," 22.9","  51.1"," ","  28.9"," "," 0.00","G","999.9","000000"
"72503014732","2002-03-03","40.77945","-73.88027","3.0","LAGUARDIA AIRPORT, NY US","  52.7","24","  50.0","24","1010.1","21","999.9"," 0","  6.0","24"," 12.1","24"," 24.1"," 35.9","  60.1"," ","  35.1"," "," 1.21","G","999.9","110000"
"72503014732","2002-03-04","40.77945","-73.88027","3.0","LAGUARDIA AIRPORT, NY US","  39.8","24","  20.2","24","1010.0","24","999.9"," 0","  9.9","24"," 14.2","24"," 25.1"," 33.0","  57.9","*","  30.2","*"," 0.84","G","999.9","001000"
"72503014732","2002-03-05","40.77945","-73.88027","3.0","LAGUARDIA AIRPORT, NY US","  27.1","24","   7.3","24","1024.5","24","999.9"," 0","  9.9","24"," 13.7","24"," 20.0"," 23.9","  34.0","*","  19.4","*"," 0.00","G","999.9","000000"
"72503014732","2002-03-06","40.77945","-73.88027","3.0","LAGUARDIA AIRPORT, NY US","  41.6","24","  20.9","24","1025.1","24","999.9"," 0","  9.9","24"," 10.0","24"," 15.9"," 22.0","  59.0"," ","  19.9"," "," 0.00","G","999.9","000000"
"72503014732","2002-03-07","40.77945","-73.88027","3.0","LAGUARDIA AIRPORT, NY US","  53.6","24","  29.7","24","1022.8","24","999.9"," 0","  9.9","24","  8.5","24"," 14.0"," 22.0","  64.0"," ","  34.0"," "," 0.00","G","999.9","000000"
"72503014732","2002-03-08","40.77945","-73.88027","3.0","LAGUARDIA AIRPORT, NY US","  45.1","24","  38.9","24","1030.3","23","999.9"," 0","  6.1","24","  8.9","24"," 14.0"," 19.0","  55.9","*","  39.2","*"," 0.00","G","999.9","100000"
"72503014732","2002-03-09","40.77945","-73.88027","3.0","LAGUARDIA AIRPORT, NY US","  47.9","24","  44.8","24","1029.2","24","999.9"," 0","  3.4","24","  9.8","24"," 19.0"," 26.0","  64.9"," ","  39.9"," "," 0.00","G","999.9","100000"
"72503014732","2002-03-10","40.77945","-73.88027","3.0","LAGUARDIA AIRPORT, NY US","  47.2","24","  28.5","24","1015.1","23","999.9"," 0","  9.7","24"," 21.6","24"," 27.0"," 36.9","  64.9"," ","  37.0"," "," 0.09","G","999.9","010000"
"72503014732","2002-03-11","40.77945","-73.88027","3.0","LAGUARDIA AIRPORT, NY US","  33.6","24","   8.7","24","1026.6","24","999.9"," 0","  9.9","24"," 13.3","24"," 20.0"," 28.9","  41.0","*","  28.0","*"," 0.08","G","999.9","000000"
"72503014732","2002-03-12","40.77945","-73.88027","3.0","LAGUARDIA AIRPORT, NY US","  42.0","24","  25.7","24","1024.8","24","999.9"," 0","  9.9","24","  7.1","24"," 11.1","999.9","  50.0","*","  37.0","*"," 0.00","G","999.9","000000"
"72503014732","2002-03-13","40.77945","-73.88027","3.0","LAGUARDIA AIRPORT, NY US","  41.8","24","  38.8","24","1017.4","23","999.9"," 0","  5.4","24","  9.9","24"," 17.1","999.9","  46.0","*","  39.2","*"," 0.00","G","999.9","110000"
"72503014732","2002-03-14","40.77945","-73.88027","3.0","LAGUARDIA AIRPORT, NY US","  50.4","24","  41.3","24","1012.7","24","999.9"," 0","  7.5","24","  5.5","24"," 13.0","999.9","  66.0"," ","  39.9"," "," 0.27","G","999.9","110000"
"72503014732","2002-03-15","40.77945","-73.88027","3.0","LAGUARDIA AIRPORT, NY US","  51.6","24","  44.6","24","1016.9","23","999.9"," 0","  5.7","24","  7.7","24"," 14.0","999.9","  66.0"," ","  43.0"," "," 0.00","G","999.9","100000"
"72503014732","2002-03-16","40.77945","-73.88027","3.0","LAGUARDIA AIRPORT, NY US","  52.3","24","  47.7","24","1012.4","24","999.9"," 0","  5.8","24","  6.2","24"," 14.0"," 18.1","  61.0"," ","  46.9"," "," 0.00","G","999.9","100000"
"72503014732","2002-03-17","40.77945","-73.88027","3.0","LAGUARDIA AIRPORT, NY US","  36.8","24","  23.5","24","1030.0","24","999.9"," 0","  9.9","24"," 11.6","24"," 18.1"," 23.9","  61.0"," ","  30.0"," "," 0.01","G","999.9","000000"
"72503014732","2002-03-18","40.77945","-73.88027","3.0","LAGUARDIA AIRPORT, NY US","  36.9","24","  32.8","24","1027.9","22","999.9"," 0","  6.1","24"," 10.0","24"," 15.0"," 20.0","  39.9"," ","  30.0"," "," 0.18","G","999.9","111000"
"72503014732","2002-03-19","40.77945","-73.88027","3.0","LAGUARDIA AIRPORT, NY US","  40.4","24","  34.2","24","1026.5","23","999.9"," 0","  9.8","24","  6.8","24"," 12.0","999.9","  46.9"," ","  33.1"," "," 0.16","G","999.9","000000"
"72503014732","2002-03-20","40.77945","-73.88027","3.0","LAGUARDIA AIRPORT, NY US","  41.7","24","  35.6","24","1023.5","22","999.9"," 0","  7.1","24"," 12.0","24"," 17.1"," 22.0","  46.9"," ","  37.0"," "," 0.00","G","999.9","110000"
"72503014732","2002-03-21","40.77945","-73.88027","3.0","LAGUARDIA AIRPORT, NY US","  43.8","24","  33.1","24","1011.6","24","999.9"," 0","  9.3","24"," 10.3","24"," 15.9"," 21.0","  55.0"," ","  37.9"," "," 0.88","G","999.9","100000"
"72503014732","2002-03-22","40.77945","-73.88027","3.0","LAGUARDIA AIRPORT, NY US","  31.2","24","  14.0","24","1013.1","23","999.9"," 0","  9.3","24"," 19.4","24"," 30.1"," 40.0","  55.0"," ","  21.9"," "," 0.00","G","999.9","011000"
"72503014732","2002-03-23","40.77945","-73.88027","3.0","LAGUARDIA AIRPORT, NY US","  34.8","24","  12.3","24","1017.3","24","999.9"," 0","  9.9","24"," 15.6","24"," 21.0"," 32.1","  48.0"," ","  21.9"," "," 0.00","G","999.9","000000"
"72503014732","2002-03-24","40.77945","-73.88027","3.0","LAGUARDIA AIRPORT, NY US","  46.8","24","  20.3","24","1017.0","24","999.9"," 0","  9.9","24"," 11.4","24"," 15.9"," 22.0","  54.0"," ","  27.0"," "," 0.00","G","999.9","000000"
"72503014732","2002-03-25","40.77945","-73.88027","3.0","LAGUARDIA AIRPORT, NY US","  45.0","24","  24.3","24","1023.2","24","999.9"," 0"," 10.0","24","  9.7","24"," 17.1","999.9","  54.0"," ","  37.0"," "," 0.00","G","999.9","000000"
"72503014732","2002-03-26","40.77945","-73.88027","3.0","LAGUARDIA AIRPORT, NY US","  40.0","24","  30.6","24","1026.3","23","999.9"," 0","  7.3","24"," 11.1","24"," 15.9","999.9","  50.0"," ","  37.0"," "," 0.02","G","999.9","111000"
"72503014732","2002-03-27","40.77945","-73.88027","3.0","LAGUARDIA AIRPORT, NY US","  46.1","24","  38.7","24","1013.1","24","999.9"," 0","  7.1","24"," 11.2","24"," 19.0"," 39.0","  51.1"," ","  37.9"," "," 0.67","G","999.9","110000"
"72503014732","2002-03-28","40.77945","-73.88027","3.0","LAGUARDIA AIRPORT, NY US","  43.8","24","  25.4","24","1018.4","24","999.9"," 0","  9.9","24"," 10.3","24"," 18.1"," 22.9","  57.0"," ","  37.0"," "," 0.35","G","999.9","000000"
"72503014732","2002-03-29","40.77945","-73.88027","3.0","LAGUARDIA AIRPORT, NY US","  49.3","24","  30.7","24","1019.2","24","999.9"," 0","  9.9","24","  9.3","24"," 21.0"," 26.0","  57.0"," ","  37.0"," "," 0.00","G","999.9","000000"
"72503014732","2002-03-30","40.77945","-73.88027","3.0","LAGUARDIA AIRPORT, NY US","  56.9","24","  43.0","24","1012.6","24","999.9"," 0","  8.9","24"," 11.7","24"," 19.0"," 25.1","  72.0"," ","  45.0"," "," 0.00","G","999.9","100000"
"72503014732","2002-03-31","40.77945","-73.88027","3.0","LAGUARDIA AIRPORT, NY US","  56.8","24","  36.0","24","1017.2","24","999.9"," 0","  9.9","24","  6.0","24"," 10.1","999.9","  64.0","*","  48.2","*"," 0.06","G","999.9","010000"
"72503014732","2002-04-01","40.77945","-73.88027","3.0","LAGUARDIA AIRPORT, NY US","  51.8","24","  39.7","24","1008.7","22","999.9"," 0","  8.6","24"," 10.6","24"," 21.0"," 27.0","  59.0","*","  46.4","*"," 0.26","G","999.9","110000"
"72503014732","2002-04-02","40.77945","-73.88027","3.0","LAGUARDIA AIRPORT, NY US","  48.1","24","  26.6","24","1017.8","24","999.9"," 0","  9.9","24"," 12.3","24"," 21.0"," 25.1","  59.0"," ","  41.0"," "," 0.09","G","999.9","000000"
"72503014732","2002-04-03","40.77945","-73.88027","3.0","LAGUARDIA AIRPORT, NY US","  57.3","24","  48.3","24","1011.1","24","999.9"," 0","  9.4","24"," 11.2","24"," 26.0"," 33.0","  73.9"," ","  41.0"," "," 0.00","G","999.9","110000"
"72503014732","2002-04-04","40.77945","-73.88027","3.0","LAGUARDIA AIRPORT, NY US","  44.0","24","  25.3","24","1020.8","24","999.9"," 0","  9.8","24"," 13.7","24"," 18.1"," 22.0","  50.0","*","  39.2","*"," 0.05","G","999.9","010000"
"72503014732","2002-04-05","40.77945","-73.88027","3.0","LAGUARDIA AIRPORT, NY US","  39.1","24","  18.4","24","1023.9","24","999.9"," 0","  9.9","24","  9.0","24"," 14.0"," 16.9","  50.0"," ","  34.0"," "," 0.00","G","999.9","000000"
"72503014732","2002-04-06","40.77945","-73.88027","3.0","LAGUARDIA AIRPORT, NY US","  38.7","24","  21.7","24","1020.6","24","999.9"," 0","  9.9","24"," 11.0","24"," 16.9"," 27.0","  45.0"," ","  33.1"," "," 0.00","G","999.9","000000"
"72503014732","2002-04-07","40.77945","-73.88027","3.0","LAGUARDIA AIRPORT, NY US","  38.1","24","  13.3","24","1028.6","24","999.9"," 0","  9.9","24","  9.1","24"," 17.1"," 25.1","  48.0"," ","  32.0"," "," 0.00","G","999.9","000000"
"72503014732","2002-04-08","40.77945","-73.88027","3.0","LAGUARDIA AIRPORT, NY US","  47.3","24","  32.4","24","1028.0","24","999.9"," 0","  9.9","24"," 10.2","24"," 17.1"," 19.0","  57.9"," ","  32.0"," "," 0.00","G","999.9","000000"
"72503014732","2002-04-09","40.77945","-73.88027","3.0","LAGUARDIA AIRPORT, NY US","  59.9","24","  49.9","24","1021.6","24","999.9"," 0","  9.9","24"," 11.1","24"," 22.0"," 27.0","  75.9"," ","  42.1"," "," 0.00","G","999.9","010000"
"72503014732","2002-04-10","40.77945","-73.88027","3.0","LAGUARDIA AIRPORT, NY US","  59.0","24","  45.0","24","1024.7","24","999.9"," 0","  9.2","24"," 10.8","24"," 18.1"," 22.0","  68.0","*","  48.2","*"," 0.06","G","999.9","110000"
"72503014732","2002-04-11","40.77945","-73.88027","3.0","LAGUARDIA AIRPORT, NY US","  53.7","24","  34.6","24","1035.0","24","999.9"," 0","  9.9","24","  9.0","24"," 15.0"," 21.0","  64.9"," ","  48.0"," "," 0.01","G","999.9","000000"
"72503014732","2002-04-12","40.77945","-73.88027","3.0","LAGUARDIA AIRPORT, NY US","  48.8","24","  39.8","24","1033.5","24","999.9"," 0","  8.7","24","  8.0","24"," 12.0"," 18.1","  59.0"," ","  44.1"," "," 0.00","G","999.9","110000"
"72503014732","2002-04-13","40.77945","-73.88027","3.0","LAGUARDIA AIRPORT, NY US","  60.1","24","  54.2","24","1024.6","24","999.9"," 0","  7.6","24","  7.8","24"," 15.0","999.9","  72.0"," ","  44.1"," "," 0.09","G","999.9","110000"
"72503014732","2002-04-14","40.77945","-73.88027","3.0","LAGUARDIA AIRPORT, NY US","  64.6","24","  54.3","24","1018.9","24","999.9"," 0","  9.9","24","  8.2","24"," 14.0","999.9","  73.9"," ","  53.1"," "," 0.09","G","999.9","010000"
"72503014732","2002-04-15","40.77945","-73.88027","3.0","LAGUARDIA AIRPORT, NY US","  66.1","24","  55.8","24","1014.1","21","999.9"," 0","  9.5","24","  9.1","24"," 13.0"," 18.1","  81.0"," ","  57.0"," "," 0.03","G","999.9","010010"
"72503014732","2002-04-16","40.77945","-73.88027","3.0","LAGUARDIA AIRPORT, NY US","  77.0","24","  57.9","24","1016.8","24","999.9"," 0","  9.9","24","  6.7","24"," 14.0","999.9","  89.1"," ","  57.0"," "," 0.01","G","999.9","000000"
"72503014732","2002-04-17","40.77945","-73.88027","3.0","LAGUARDIA AIRPORT, NY US","  81.7","24","  57.6","24","1016.2","24","999.9"," 0","  9.9","24","  6.9","24"," 13.0"," 14.0","  93.9"," ","  68.0"," "," 0.00","G","999.9","000000"
"72503014732","2002-04-18","40.77945","-73.88027","3.0","LAGUARDIA AIRPORT, NY US","  81.6","24","  55.9","24","1015.7","24","999.9"," 0","  9.9","24","  6.4","24"," 13.0"," 18.1","  93.9"," ","  69.1"," "," 0.00","G","999.9","000000"
"72503014732","2002-04-19","40.77945","-73.88027","3.0","LAGUARDIA AIRPORT, NY US","  72.1","24","  57.1","24","1013.3","24","999.9"," 0","  8.0","24","  9.2","24"," 36.9"," 60.0","  90.0"," ","  57.0"," "," 0.00","G","999.9","110010"
"72503014732","2002-04-20","40.77945","-73.88027","3.0","LAGUARDIA AIRPORT, NY US","  64.9","24","  54.7","24","1010.1","23","999.9"," 0","  9.7","24","  5.3","24"," 14.0","999.9","  84.9"," ","  57.0"," "," 1.10","G","999.9","010010"
"72503014732","2002-04-21","40.77945","-73.88027","3.0","LAGUARDIA AIRPORT, NY US","  53.5","24","  36.1","24","1013.9","24","999.9"," 0","  9.9","24","  9.4","24"," 15.0"," 18.1","  69.1"," ","  50.0"," "," 0.10","G","999.9","010000"
"72503014732","2002-04-22","40.77945","-73.88027","3.0","LAGUARDIA AIRPORT, NY US","  48.7","24","  41.3","24","1010.8","21","999.9"," 0","  8.2","24","  7.0","24"," 12.0"," 16.9","  55.9"," ","  46.0"," "," 0.02","G","999.9","110000"
"72503014732","2002-04-23","40.77945","-73.88027","3.0","LAGUARDIA AIRPORT, NY US","  45.7","24","  28.0","24","1015.4","24","999.9"," 0","  9.5","24"," 13.6","24"," 22.0"," 30.9","  52.0","*","  39.2","*"," 0.33","G","999.9","110000"
"72503014732","2002-04-24","40.77945","-73.88027","3.0","LAGUARDIA AIRPORT, NY US","  50.0","24","  23.8","24","1022.9","24","999.9"," 0","  9.9","24","  6.0","24"," 15.9"," 19.0","  60.1"," ","  39.9"," "," 0.00","G","999.9","000000"
"72503014732","2002-04-25","40.77945","-73.88027","3.0","LAGUARDIA AIRPORT, NY US","  49.2","24","  37.2","24","1020.4","20","999.9"," 0","  8.0","24"," 10.6","24"," 19.0"," 23.9","  60.1"," ","  43.0"," "," 0.00","G","999.9","110000"
"72503014732","2002-04-26","40.77945","-73.88027","3.0","LAGUARDIA AIRPORT, NY US","  49.1","24","  30.0","24","1018.8","24","999.9"," 0","  9.9","24"," 11.0","24"," 22.0"," 27.0","  59.0"," ","  42.1"," "," 0.47","G","999.9","000000"
"72503014732","2002-04-27","40.77945","-73.88027","3.0","LAGUARDIA AIRPORT, NY US","  50.9","24","  27.8","24","1026.6","24","999.9"," 0","  9.9","24","  7.5","24"," 17.1"," 18.1","  62.1"," ","  42.1"," "," 0.00","G","999.9","000000"
"72503014732","2002-04-28","40.77945","-73.88027","3.0","LAGUARDIA AIRPORT, NY US","  50.7","24","  46.9","24","1014.1","22","999.9"," 0","  4.6","24"," 10.0","24"," 17.1"," 21.0","  62.1"," ","  42.1"," "," 0.52","G","999.9","110000"
"72503014732","2002-04-29","40.77945","-73.88027","3.0","LAGUARDIA AIRPORT, NY US","  50.4","24","  42.5","24","1001.9","24","999.9"," 0","  8.3","24"," 11.8","24"," 20.0"," 27.0","  55.9"," ","  46.0"," "," 0.81","G","999.9","110010"
"72503014732","2002-04-30","40.77945","-73.88027","3.0","LAGUARDIA AIRPORT, NY US","  47.8","24","  34.3","24","1010.5","24","999.9"," 0","  9.4","24"," 12.8","24"," 20.0"," 26.0","  57.0"," ","  43.0"," "," 0.00","G","999.9","110000"
"72503014732","2002-05-01","40.77945","-73.88027","3.0","LAGUARDIA AIRPORT, NY US","  55.1","24","  35.5","24","1010.4","24","999.9"," 0","  9.7","24","  7.2","24"," 14.0"," 20.0","  66.9"," ","  43.0"," "," 0.22","G","999.9","010000"
"72503014732","2002-05-02","40.77945","-73.88027","3.0","LAGUARDIA AIRPORT, NY US","  53.2","24","  46.8","24","1007.0","22","999.9"," 0","  6.0","24","  8.4","24"," 17.1"," 22.9","  66.9"," ","  46.0"," "," 0.11","G","999.9","110000"
"72503014732","2002-05-03","40.77945","-73.88027","3.0","LAGUARDIA AIRPORT, NY US","  55.7","24","  36.2","24","1005.6","24","999.9"," 0","  7.9","24"," 16.6","24"," 28.0"," 35.0","  60.1"," ","  48.9"," "," 0.25","G","999.9","100000"
"72503014732","2002-05-04","40.77945","-73.88027","3.0","LAGUARDIA AIRPORT, NY US","  54.3","24","  29.4","24","1023.3","24","999.9"," 0","  9.9","24","  9.3","24"," 17.1"," 23.9","  66.0"," ","  46.9"," "," 0.00","G","999.9","000000"
"72503014732","2002-05-05","40.77945","-73.88027","3.0","LAGUARDIA AIRPORT, NY US","  59.5","24","  36.2","24","1023.9","24","999.9"," 0","  9.9","24","  8.0","24"," 15.9","999.9","  69.1"," ","  46.9"," "," 0.00","G","999.9","000000"
"72503014732","2002-05-06","40.77945","-73.88027","3.0","LAGUARDIA AIRPORT, NY US","  61.7","24","  46.7","24","1024.7","24","999.9"," 0","  9.5","24"," 10.1","24"," 19.0"," 22.9","  73.9"," ","  53.1"," "," 0.00","G","999.9","000000"
"72503014732","2002-05-07","40.77945","-73.88027","3.0","LAGUARDIA AIRPORT, NY US","  65.4","24","  52.9","24","1016.3","24","999.9"," 0","  9.9","24","  7.8","24"," 12.0","999.9","  82.0"," ","  53.1"," "," 0.00","G","999.9","010000"
"72503014732","2002-05-08","40.77945","-73.88027","3.0","LAGUARDIA AIRPORT, NY US","  65.5","24","  50.6","24","1018.5","24","999.9"," 0"," 10.0","24","  8.3","24"," 13.0","999.9","  82.0"," ","  55.9"," "," 0.00","G","999.9","000000"
"72503014732","2002-05-09","40.77945","-73.88027","3.0","LAGUARDIA AIRPORT, NY US","  53.6","24","  43.5","24","1020.7","23","999.9"," 0","  9.3","24","  8.3","24"," 12.0","999.9","  70.0"," ","  50.0"," "," 0.01","G","999.9","110000"
"72503014732","2002-05-10","40.77945","-73.88027","3.0","LAGUARDIA AIRPORT, NY US","  62.3","24","  48.3","24","1016.1","24","999.9"," 0","  6.4","24","  7.5","24"," 18.1"," 27.0","  84.0"," ","  51.1"," "," 0.10","G","999.9","110000"
"72503014732","2002-05-11","40.77945","-73.88027","3.0","LAGUARDIA AIRPORT, NY US","  61.6","24","  29.1","24","1026.8","24","999.9"," 0","  9.9","24"," 11.7","24"," 17.1"," 26.0","  84.0"," ","  52.0"," "," 0.00","G","999.9","000000"
"72503014732","2002-05-12","40.77945","-73.88027","3.0","LAGUARDIA AIRPORT, NY US","  56.9","24","  48.3","24","1024.4","23","999.9"," 0","  8.4","24","  6.8","24"," 12.0","999.9","  71.1"," ","  52.0"," "," 0.01","G","999.9","110010"
"72503014732","2002-05-13","40.77945","-73.88027","3.0","LAGUARDIA AIRPORT, NY US","  52.7","24","  48.7","24","1010.6","21","999.9"," 0","  4.4","24"," 10.1","24"," 21.0"," 28.0","  55.0","*","  51.1","*"," 0.37","G","999.9","110010"
"72503014732","2002-05-14","40.77945","-73.88027","3.0","LAGUARDIA AIRPORT, NY US","  54.3","24","  41.9","24"," 999.6","23","999.9"," 0","  9.4","24"," 16.0","24"," 24.1"," 29.9","  63.0"," ","  48.0"," "," 0.47","G","999.9","110010"
"72503014732","2002-05-15","40.77945","-73.88027","3.0","LAGUARDIA AIRPORT, NY US","  56.0","24","  33.0","24","1010.0","24","999.9"," 0","  9.9","24"," 18.7","24"," 25.1"," 34.0","  68.0"," ","  48.0"," "," 0.03","G","999.9","000000"
"72503014732","2002-05-16","40.77945","-73.88027","3.0","LAGUARDIA AIRPORT, NY US","  68.1","24","  37.8","24","1016.6","24","999.9"," 0","  9.9","24"," 11.2","24"," 21.0"," 28.0","  81.0"," ","  48.9"," "," 0.00","G","999.9","000000"
"72503014732","2002-05-17","40.77945","-73.88027","3.0","LAGUARDIA AIRPORT, NY US","  72.6","24","  50.6","24","1009.3","24","999.9"," 0","  9.8","24"," 11.1","24"," 15.0"," 23.9","  81.0"," ","  55.0"," "," 0.00","G","999.9","010000"
"72503014732","2002-05-18","40.77945","-73.88027","3.0","LAGUARDIA AIRPORT, NY US","  51.6","24","  43.1","24","1008.3","21","999.9"," 0","  8.1","24"," 13.8","24"," 28.0"," 35.0","  77.0"," ","  44.1"," "," 1.10","G","999.9","110000"
"72503014732","2002-05-19","40.77945","-73.88027","3.0","LAGUARDIA AIRPORT, NY US","  50.0","24","  31.1","24","1017.8","24","999.9"," 0"," 10.0","24"," 10.4","24"," 15.0"," 20.0","  57.9"," ","  43.0"," "," 0.36","G","999.9","000000"
"72503014732","2002-05-20","40.77945","-73.88027","3.0","LAGUARDIA AIRPORT, NY US","  50.7","24","  26.0","24","1021.5","24","999.9"," 0","  9.9","24","  9.0","24"," 14.0","999.9","  57.9"," ","  43.0"," "," 0.00","G","999.9","000000"
"72503014732","2002-05-21","40.77945","-73.88027","3.0","LAGUARDIA AIRPORT, NY US","  51.7","24","  29.9","24","1022.3","24","999.9"," 0","  9.9","24"," 10.2","24"," 15.0","999.9","  60.1"," ","  44.1"," "," 0.03","G","999.9","000000"
"72503014732","2002-05-22","40.77945","-73.88027","3.0","LAGUARDIA AIRPORT, NY US","  56.1","24","  33.9","24","1025.9","24","999.9"," 0","  9.9","24","  7.6","24"," 15.0"," 15.9","  66.9"," ","  45.0"," "," 0.00","G","999.9","000000"
"72503014732","2002-05-23","40.77945","-73.88027","3.0","LAGUARDIA AIRPORT, NY US","  61.3","24","  37.2","24","1022.5","24","999.9"," 0","  9.9","24","  7.8","24"," 15.0"," 19.0","  73.0"," ","  48.9"," "," 0.00","G","999.9","000000"
"72503014732","2002-05-24","40.77945","-73.88027","3.0","LAGUARDIA AIRPORT, NY US","  68.5","24","  48.0","24","1012.4","24","999.9"," 0","  9.9","24","  8.7","24"," 15.0"," 21.0","  84.9"," ","  52.0"," "," 0.00","G","999.9","000000"
"72503014732","2002-05-25","40.77945","-73.88027","3.0","LAGUARDIA AIRPORT, NY US","  64.6","24","  43.9","24","1017.9","24","999.9"," 0"," 10.0","24"," 11.1","24"," 21.0"," 27.0","  84.9"," ","  57.0"," "," 0.00","G","999.9","000000"
"72503014732","2002-05-26","40.77945","-73.88027","3.0","LAGUARDIA AIRPORT, NY US","  59.1","24","  51.9","24","1021.4","24","999.9"," 0","  9.2","24","  8.5","24"," 14.0","999.9","  66.0","*","  55.4","*"," 0.00","G","999.9","000000"
"72503014732","2002-05-27","40.77945","-73.88027","3.0","LAGUARDIA AIRPORT, NY US","  63.2","24","  56.9","24","1021.3","22","999.9"," 0","  6.0","24","  6.7","24"," 11.1","999.9","  78.1"," ","  55.9"," "," 0.00","G","999.9","100000"
"72503014732","2002-05-28","40.77945","-73.88027","3.0","LAGUARDIA AIRPORT, NY US","  68.5","24","  60.4","24","1021.2","24","999.9"," 0","  9.4","24","  7.1","24"," 14.0","999.9","  78.1"," ","  57.9"," "," 0.00","G","999.9","000000"
"72503014732","2002-05-29","40.77945","-73.88027","3.0","LAGUARDIA AIRPORT, NY US","  69.0","24","  61.5","24","1020.5","21","999.9"," 0","  6.6","24","  7.4","24"," 12.0"," 16.9","  78.1"," ","  62.1"," "," 0.00","G","999.9","110000"
"72503014732","2002-05-30","40.77945","-73.88027","3.0","LAGUARDIA AIRPORT, NY US","  69.8","24","  61.0","24","1016.2","24","999.9"," 0","  8.3","24","  7.5","24"," 14.0"," 15.0","  80.1"," ","  62.1"," "," 0.00","G","999.9","100000"
"72503014732","2002-05-31","40.77945","-73.88027","3.0","LAGUARDIA AIRPORT, NY US","  72.9","24","  64.0","24","1008.3","24","999.9"," 0","  8.9","24","  8.9","24"," 14.0"," 22.0","  86.0"," ","  62.1"," "," 0.00","G","999.9","110110"
"72503014732","2002-06-01","40.77945","-73.88027","3.0","LAGUARDIA AIRPORT, NY US","  76.3","24","  55.6","24","1003.3","24","999.9"," 0","  9.0","24","  8.2","24"," 15.0"," 22.0","  88.0"," ","  64.0"," "," 0.51","G","999.9","110010"
"72503014732","2002-06-02","40.77945","-73.88027","3.0","LAGUARDIA AIRPORT, NY US","  75.5","24","  49.3","24","1001.4","24","999.9"," 0","  9.9","24"," 12.2","24"," 26.0"," 30.9","  88.0"," ","  66.9"," "," 0.00","G","999.9","010000"
"72503014732","2002-06-03","40.77945","-73.88027","3.0","LAGUARDIA AIRPORT, NY US","  65.4","24","  40.4","24","1013.2","24","999.9"," 0","  9.9","24"," 11.0","24"," 15.9"," 25.1","  79.0"," ","  57.0"," "," 0.00","G","999.9","000000"
"72503014732","2002-06-04","40.77945","-73.88027","3.0","LAGUARDIA AIRPORT, NY US","  65.5","24","  51.0","24","1019.7","23","999.9"," 0"," 10.0","24"," 10.9","24"," 17.1"," 23.9","  73.0"," ","  57.0"," "," 0.00","G","999.9","000000"
"72503014732","2002-06-05","40.77945","-73.88027","3.0","LAGUARDIA AIRPORT, NY US","  71.5","24","  61.8","24","1015.9","23","999.9"," 0"," 10.0","24"," 10.4","24"," 15.0"," 18.1","  84.0"," ","  61.0"," "," 0.00","G","999.9","000000"
"72503014732","2002-06-06","40.77945","-73.88027","3.0","LAGUARDIA AIRPORT, NY US","  73.3","24","  66.3","24","1010.9","22","999.9"," 0","  8.6","24","  8.7","24"," 19.0"," 21.0","  77.0","*","  62.6","*"," 0.00","G","999.9","110010"
"72503014732","2002-06-07","40.77945","-73.88027","3.0","LAGUARDIA AIRPORT, NY US","  61.2","24","  55.0","24","1017.8","23","999.9"," 0","  6.8","24"," 16.1","24"," 22.9"," 29.9","  77.0"," ","  57.0"," "," 2.28","G","999.9","110010"
"72503014732","2002-06-08","40.77945","-73.88027","3.0","LAGUARDIA AIRPORT, NY US","  60.7","24","  47.8","24","1025.4","24","999.9"," 0","  9.9","24","  6.9","24"," 12.0","999.9","  69.1"," ","  55.0"," "," 0.03","G","999.9","000000"
"72503014732","2002-06-09","40.77945","-73.88027","3.0","LAGUARDIA AIRPORT, NY US","  66.8","24","  53.8","24","1020.5","24","999.9"," 0","  9.9","24","  8.0","24"," 11.1"," 15.0","  84.9"," ","  55.0"," "," 0.00","G","999.9","000000"
"72503014732","2002-06-10","40.77945","-73.88027","3.0","LAGUARDIA AIRPORT, NY US","  74.2","24","  58.4","24","1017.3","24","999.9"," 0","  9.6","24","  8.4","24"," 14.0","999.9","  84.9"," ","  57.0"," "," 0.00","G","999.9","000000"
"72503014732","2002-06-11","40.77945","-73.88027","3.0","LAGUARDIA AIRPORT, NY US","  74.8","24","  60.0","24","1014.7","24","999.9"," 0","  8.3","24","  9.1","24"," 17.1"," 25.1","  91.9"," ","  64.0"," "," 0.00","G","999.9","000000"
"72503014732","2002-06-12","40.77945","-73.88027","3.0","LAGUARDIA AIRPORT, NY US","  81.5","24","  66.6","24","1006.8","23","999.9"," 0","  6.9","24"," 10.8","24"," 15.0"," 23.9","  91.9"," ","  64.0"," "," 0.00","G","999.9","010010"
"72503014732","2002-06-13","40.77945","-73.88027","3.0","LAGUARDIA AIRPORT, NY US","  62.0","24","  56.0","24","1011.2","23","999.9"," 0","  9.3","24","  9.8","24"," 18.1"," 22.9","  90.0"," ","  57.0"," "," 0.20","G","999.9","110000"
"72503014732","2002-06-14","40.77945","-73.88027","3.0","LAGUARDIA AIRPORT, NY US","  59.9","24","  56.1","24","1009.5","23","999.9"," 0","  8.3","24","  8.9","24"," 15.0","999.9","  66.0"," ","  57.0"," "," 0.02","G","999.9","110000"
"72503014732","2002-06-15","40.77945","-73.88027","3.0","LAGUARDIA AIRPORT, NY US","  58.4","24","  55.3","24","1005.6","23","999.9"," 0","  6.9","24","  9.9","24"," 18.1"," 25.1","  63.0"," ","  55.0"," "," 0.56","G","999.9","110000"
"72503014732","2002-06-16","40.77945","-73.88027","3.0","LAGUARDIA AIRPORT, NY US","  66.3","24","  57.6","24","1006.0","23","999.9"," 0","  9.3","24","  7.7","24"," 17.1"," 28.9","  79.0"," ","  55.0"," "," 0.01","G","999.9","010010"
"72503014732","2002-06-17","40.77945","-73.88027","3.0","LAGUARDIA AIRPORT, NY US","  70.5","24","  54.9","24","1010.2","24","999.9"," 0"," 10.0","24","  7.9","24"," 15.9"," 18.1","  79.0"," ","  61.0"," "," 0.10","G","999.9","000000"
"72503014732","2002-06-18","40.77945","-73.88027","3.0","LAGUARDIA AIRPORT, NY US","  70.4","24","  52.9","24","1017.5","24","999.9"," 0","  9.9","24","  6.7","24"," 22.0"," 28.0","  80.1"," ","  63.0"," "," 0.00","G","999.9","010010"
"72503014732","2002-06-19","40.77945","-73.88027","3.0","LAGUARDIA AIRPORT, NY US","  71.9","24","  59.9","24","1025.5","24","999.9"," 0","  9.9","24","  6.1","24"," 14.0","999.9","  80.1"," ","  63.0"," "," 0.00","G","999.9","010000"
"72503014732","2002-06-20","40.77945","-73.88027","3.0","LAGUARDIA AIRPORT, NY US","  71.4","24","  62.7","24","1030.6","24","999.9"," 0","  7.7","24","  6.6","24"," 11.1","999.9","  80.1"," ","  64.0"," "," 0.00","G","999.9","100000"
"72503014732","2002-06-21","40.77945","-73.88027","3.0","LAGUARDIA AIRPORT, NY US","  72.7","24","  60.9","24","1030.6","24","999.9"," 0","  9.9","24","  7.4","24"," 14.0","999.9","  82.0"," ","  64.0"," "," 0.00","G","999.9","000000"
"72503014732","2002-06-22","40.77945","-73.88027","3.0","LAGUARDIA AIRPORT, NY US","  77.2","24","  61.8","24","1026.1","24","999.9"," 0","  9.9","24","  8.2","24"," 13.0","999.9","  89.1"," ","  66.0"," "," 0.00","G","999.9","000000"
"72503014732","2002-06-23","40.77945","-73.88027","3.0","LAGUARDIA AIRPORT, NY US","  80.2","24","  63.9","24","1022.3","24","999.9"," 0","  9.9","24","  8.5","24"," 14.0","999.9","  90.0"," ","  69.1"," "," 0.00","G","999.9","000000"
"72503014732","2002-06-24","40.77945","-73.88027","3.0","LAGUARDIA AIRPORT, NY US","  82.7","24","  67.8","24","1016.9","24","999.9"," 0","  9.2","24","  8.8","24"," 11.1","999.9","  90.0"," ","  72.0"," "," 0.00","G","999.9","000000"
"72503014732","2002-06-25","40.77945","-73.88027","3.0","LAGUARDIA AIRPORT, NY US","  78.3","24","  61.5","24","1018.3","24","999.9"," 0","  8.9","24","  7.5","24"," 11.1"," 21.0","  89.1"," ","  73.0"," "," 0.00","G","999.9","000000"
"72503014732","2002-06-26","40.77945","-73.88027","3.0","LAGUARDIA AIRPORT, NY US","  80.4","24","  70.2","24","1015.1","23","999.9"," 0","  5.3","24","  6.8","24"," 15.0"," 20.0","  95.0"," ","  73.0"," "," 0.00","G","999.9","110010"
"72503014732","2002-06-27","40.77945","-73.88027","3.0","LAGUARDIA AIRPORT, NY US","  82.8","24","  71.0","24","1008.7","24","999.9"," 0","  8.8","24"," 10.7","24"," 15.0"," 25.1","  95.0"," ","  73.9"," "," 0.36","G","999.9","010010"
"72503014732","2002-06-28","40.77945","-73.88027","3.0","LAGUARDIA AIRPORT, NY US","  76.8","24","  66.5","24","1008.1","24","999.9"," 0","  8.7","24","  8.8","24"," 21.0"," 30.9","  84.9","*","  71.6","*"," 0.65","G","999.9","110010"
"72503014732","2002-06-29","40.77945","-73.88027","3.0","LAGUARDIA AIRPORT, NY US","  78.4","24","  58.7","24","1016.7","24","999.9"," 0","  9.9","24","  7.1","24"," 13.0","999.9","  86.0"," ","  72.0"," "," 0.00","G","999.9","000000"
"72503014732","2002-06-30","40.77945","-73.88027","3.0","LAGUARDIA AIRPORT, NY US","  79.7","24","  60.1","24","1021.4","24","999.9"," 0","  9.9","24","  7.7","24"," 17.1","999.9","  87.8","*","  70.0","*"," 0.00","G","999.9","000000"
"72503014732","2002-07-01","40.77945","-73.88027","3.0","LAGUARDIA AIRPORT, NY US","  80.7","24","  61.5","24","1019.8","24","019.1"," 4","  9.9","24","  9.8","24"," 13.0","999.9","  90.0"," ","  73.9"," "," 0.00","G","999.9","000000"
"72503014732","2002-07-02","40.77945","-73.88027","3.0","LAGUARDIA AIRPORT, NY US","  85.9","24","  67.4","24","1015.6","24","999.9"," 0","  7.5","24","  7.2","24"," 11.1","999.9","  97.0"," ","  73.9"," "," 0.00","G","999.9","000000"
"72503014732","2002-07-03","40.77945","-73.88027","3.0","LAGUARDIA AIRPORT, NY US","  89.3","24","  71.6","24","1011.6","24","999.9"," 0","  7.0","24","  7.5","24"," 12.0"," 18.1","  97.0"," ","  78.1"," "," 0.00","G","999.9","000000"
"72503014732","2002-07-04","40.77945","-73.88027","3.0","LAGUARDIA AIRPORT, NY US","  88.6","24","  70.8","24","1010.8","24","999.9"," 0","  9.9","24","  8.5","24"," 14.0"," 15.0","  98.1"," ","  79.0"," "," 0.00","G","999.9","000000"
"72503014732","2002-07-05","40.77945","-73.88027","3.0","LAGUARDIA AIRPORT, NY US","  82.2","24","  58.7","24","1012.2","24","999.9"," 0","  9.9","24"," 13.0","24"," 21.0"," 22.0","  93.0","*","  75.2","*"," 0.00","G","999.9","000000"
"72503014732","2002-07-06","40.77945","-73.88027","3.0","LAGUARDIA AIRPORT, NY US","  73.9","24","  54.6","24","1016.5","24","999.9"," 0","  9.4","24"," 10.1","24"," 15.9","999.9","  86.0"," ","  68.0"," "," 0.00","G","999.9","000000"
"72503014732","2002-07-07","40.77945","-73.88027","3.0","LAGUARDIA AIRPORT, NY US","  76.7","24","  54.9","24","1017.8","24","999.9"," 0","  3.7","24","  9.6","24"," 14.0"," 18.1","  87.1"," ","  68.0"," "," 0.00","G","999.9","000000"
"72503014732","2002-07-08","40.77945","-73.88027","3.0","LAGUARDIA AIRPORT, NY US","  81.4","24","  57.1","24","1019.9","24","999.9"," 0","  6.8","24","  6.8","24"," 11.1","999.9","  91.0"," ","  69.1"," "," 0.00","G","999.9","000000"
"72503014732","2002-07-09","40.77945","-73.88027","3.0","LAGUARDIA AIRPORT, NY US","  83.8","24","  62.7","24","1014.6","22","999.9"," 0","  5.3","24","  9.9","24"," 23.9"," 33.0","  93.9"," ","  72.0"," "," 0.00","G","999.9","110010"
"72503014732","2002-07-10","40.77945","-73.88027","3.0","LAGUARDIA AIRPORT, NY US","  77.2","24","  64.3","24","1012.8","24","999.9"," 0","  7.0","24","  7.5","24"," 15.0"," 15.9","  93.9"," ","  72.0"," "," 0.43","G","999.9","110000"
"72503014732","2002-07-11","40.77945","-73.88027","3.0","LAGUARDIA AIRPORT, NY US","  70.5","24","  44.6","24","1017.7","24","999.9"," 0","  9.9","24","  9.7","24"," 19.0"," 25.1","  84.0"," ","  63.0"," "," 0.02","G","999.9","000000"
"72503014732","2002-07-12","40.77945","-73.88027","3.0","LAGUARDIA AIRPORT, NY US","  71.8","24","  51.1","24","1018.2","24","999.9"," 0","  9.9","24","  7.2","24"," 14.0","999.9","  81.0"," ","  63.0"," "," 0.00","G","999.9","000000"
"72503014732","2002-07-13","40.77945","-73.88027","3.0","LAGUARDIA AIRPORT, NY US","  73.8","24","  56.0","24","1016.9","24","999.9"," 0","  9.9","24","  9.5","24"," 15.0","999.9","  82.9"," ","  64.9"," "," 0.00","G","999.9","000000"
"72503014732","2002-07-14","40.77945","-73.88027","3.0","LAGUARDIA AIRPORT, NY US","  75.1","24","  60.6","24","1016.5","24","999.9"," 0","  9.9","24","  7.1","24"," 11.1","999.9","  82.9"," ","  66.9"," "," 0.00","G","999.9","000000"
"72503014732","2002-07-15","40.77945","-73.88027","3.0","LAGUARDIA AIRPORT, NY US","  79.3","24","  63.9","24","1013.3","24","999.9"," 0","  9.8","24","  7.2","24"," 12.0","999.9","  91.0","*","  72.0","*"," 0.00","G","999.9","000000"
"72503014732","2002-07-16","40.77945","-73.88027","3.0","LAGUARDIA AIRPORT, NY US","  81.3","24","  56.8","24","1011.4","24","010.3"," 4","  9.9","24"," 10.1","24"," 17.1","999.9","  91.0"," ","  72.0"," "," 0.08","G","999.9","010000"
"72503014732","2002-07-17","40.77945","-73.88027","3.0","LAGUARDIA AIRPORT, NY US","  78.9","24","  59.3","24","1014.6","24","013.6"," 4","  9.9","24","  7.3","24"," 14.0","999.9","  87.1"," ","  70.0"," "," 0.00","I","999.9","000000"
"72503014732","2002-07-18","40.77945","-73.88027","3.0","LAGUARDIA AIRPORT, NY US","  85.3","24","  66.6","24","1010.5","24","999.9"," 0","  8.8","24","  6.4","24"," 12.0"," 19.0","  95.0"," ","  70.0"," "," 0.00","G","999.9","010000"
"72503014732","2002-07-19","40.77945","-73.88027","3.0","LAGUARDIA AIRPORT, NY US","  82.1","24","  68.7","24","1009.7","24","999.9"," 0","  5.8","24","  8.1","24"," 21.0"," 32.1","  95.0"," ","  73.0"," "," 0.00","G","999.9","110010"
"72503014732","2002-07-20","40.77945","-73.88027","3.0","LAGUARDIA AIRPORT, NY US","  76.2","24","  67.5","24","1012.2","24","999.9"," 0","  7.7","24","  7.7","24"," 15.0","999.9","  84.0","*","  71.6","*"," 0.84","G","999.9","110010"
"72503014732","2002-07-21","40.77945","-73.88027","3.0","LAGUARDIA AIRPORT, NY US","  75.5","24","  65.7","24","1019.4","24","999.9"," 0","  9.5","24","  8.7","24"," 13.0"," 16.9","  84.9"," ","  72.0"," "," 0.00","G","999.9","000000"
"72503014732","2002-07-22","40.77945","-73.88027","3.0","LAGUARDIA AIRPORT, NY US","  79.0","24","  67.2","24","1018.5","24","999.9"," 0","  9.9","24"," 10.2","24"," 15.0"," 19.0","  90.0"," ","  72.0"," "," 0.00","G","999.9","000000"
"72503014732","2002-07-23","40.77945","-73.88027","3.0","LAGUARDIA AIRPORT, NY US","  84.8","24","  69.2","24","1015.0","24","999.9"," 0","  9.0","24"," 11.5","24"," 15.9"," 25.1","  97.0"," ","  73.0"," "," 0.00","G","999.9","010000"
"72503014732","2002-07-24","40.77945","-73.88027","3.0","LAGUARDIA AIRPORT, NY US","  73.5","24","  65.0","24","1019.6","24","999.9"," 0","  9.7","24"," 10.6","24"," 19.0"," 22.9","  79.0","*","  68.0","*"," 0.12","G","999.9","010000"
"72503014732","2002-07-25","40.77945","-73.88027","3.0","LAGUARDIA AIRPORT, NY US","  70.9","24","  54.2","24","1023.0","24","999.9"," 0","  9.9","24"," 10.3","24"," 15.9"," 16.9","  79.0"," ","  66.0"," "," 0.00","G","999.9","000000"
"72503014732","2002-07-26","40.77945","-73.88027","3.0","LAGUARDIA AIRPORT, NY US","  68.1","24","  55.1","24","1021.9","24","999.9"," 0","  9.9","24","  8.9","24"," 14.0"," 22.9","  77.0"," ","  64.0"," "," 0.00","G","999.9","000000"
"72503014732","2002-07-27","40.77945","-73.88027","3.0","LAGUARDIA AIRPORT, NY US","  69.6","24","  60.6","24","1016.7","24","999.9"," 0","  9.5","24","  6.3","24","  8.9","999.9","  75.9"," ","  64.0"," "," 0.00","G","999.9","010000"
"72503014732","2002-07-28","40.77945","-73.88027","3.0","LAGUARDIA AIRPORT, NY US","  76.0","24","  70.7","24","1013.6","24","999.9"," 0","  7.5","24","  6.1","24"," 11.1","999.9","  84.0"," ","  66.9"," "," 0.00","G","999.9","100000"
"72503014732","2002-07-29","40.77945","-73.88027","3.0","LAGUARDIA AIRPORT, NY US","  86.2","24","  71.9","24","1009.4","24","999.9"," 0","  7.6","24","  8.8","24"," 18.1"," 19.0","  96.1"," ","  70.0"," "," 0.00","G","999.9","000000"
"72503014732","2002-07-30","40.77945","-73.88027","3.0","LAGUARDIA AIRPORT, NY US","  88.9","24","  68.9","24","1007.9","24","999.9"," 0","  9.8","24"," 11.4","24"," 18.1"," 22.9","  96.1"," ","  82.0"," "," 0.00","G","999.9","000000"
"72503014732","2002-07-31","40.77945","-73.88027","3.0","LAGUARDIA AIRPORT, NY US","  83.9","24","  61.6","24","1011.3","24","999.9"," 0","  9.9","24","  7.9","24"," 14.0","999.9","  93.0"," ","  75.9"," "," 0.00","G","999.9","000000"
"72503014732","2002-08-01","40.77945","-73.88027","3.0","LAGUARDIA AIRPORT, NY US","  85.7","24","  65.7","24","1012.1","24","999.9"," 0","  9.9","24","  6.2","24"," 10.1","999.9","  93.9"," ","  75.9"," "," 0.00","G","999.9","000000"
"72503014732","2002-08-02","40.77945","-73.88027","3.0","LAGUARDIA AIRPORT, NY US","  85.0","24","  70.5","24","1014.2","24","999.9"," 0","  8.6","24","  7.1","24"," 22.9"," 28.0","  93.9"," ","  73.0"," "," 0.00","G","999.9","110010"
"72503014732","2002-08-03","40.77945","-73.88027","3.0","LAGUARDIA AIRPORT, NY US","  79.0","24","  68.3","24","1019.5","24","999.9"," 0","  8.9","24","  7.8","24"," 22.9","999.9","  93.9"," ","  72.0"," "," 0.66","G","999.9","110010"
"72503014732","2002-08-04","40.77945","-73.88027","3.0","LAGUARDIA AIRPORT, NY US","  83.5","24","  70.8","24","1020.7","24","999.9"," 0","  8.0","24","  6.8","24"," 13.0"," 14.0","  91.0"," ","  73.0"," "," 0.00","G","999.9","100000"
"72503014732","2002-08-05","40.77945","-73.88027","3.0","LAGUARDIA AIRPORT, NY US","  84.5","24","  70.7","24","1014.8","24","999.9"," 0","  9.2","24","  8.4","24"," 15.9"," 19.0","  91.9"," ","  77.0"," "," 0.00","G","999.9","010000"
"72503014732","2002-08-06","40.77945","-73.88027","3.0","LAGUARDIA AIRPORT, NY US","  77.0","24","  57.3","24","1010.8","24","999.9"," 0","  9.9","24"," 13.3","24"," 20.0"," 27.0","  89.1","*","  71.6","*"," 0.01","G","999.9","010000"
"72503014732","2002-08-07","40.77945","-73.88027","3.0","LAGUARDIA AIRPORT, NY US","  70.7","24","  50.7","24","1016.5","24","999.9"," 0","  9.9","24"," 11.0","24"," 15.9"," 25.1","  81.0"," ","  63.0"," "," 0.00","I","999.9","000000"
"72503014732","2002-08-08","40.77945","-73.88027","3.0","LAGUARDIA AIRPORT, NY US","  74.3","24","  51.4","24","1018.6","24","999.9"," 0","  9.9","24","  7.2","24"," 15.9","999.9","  81.0"," ","  63.0"," "," 0.00","G","999.9","000000"
"72503014732","2002-08-09","40.77945","-73.88027","3.0","LAGUARDIA AIRPORT, NY US","  75.6","24","  49.9","24","1021.6","24","999.9"," 0","  9.9","24","  6.0","24"," 10.1"," 15.0","  84.0"," ","  66.9"," "," 0.00","G","999.9","000000"
"72503014732","2002-08-10","40.77945","-73.88027","3.0","LAGUARDIA AIRPORT, NY US","  77.7","24","  54.9","24","1021.5","24","999.9"," 0","  9.9","24","  7.9","24"," 15.9"," 21.0","  88.0"," ","  68.0"," "," 0.00","G","999.9","000000"
"72503014732","2002-08-11","40.77945","-73.88027","3.0","LAGUARDIA AIRPORT, NY US","  79.0","24","  59.3","24","1019.3","24","999.9"," 0","  9.9","24","  8.7","24"," 15.9","999.9","  91.0"," ","  72.0"," "," 0.00","G","999.9","000000"
"72503014732","2002-08-12","40.77945","-73.88027","3.0","LAGUARDIA AIRPORT, NY US","  81.6","24","  63.3","24","1017.0","24","999.9"," 0","  9.9","24","  7.9","24"," 13.0","999.9","  93.0"," ","  72.0"," "," 0.00","G","999.9","000000"
"72503014732","2002-08-13","40.77945","-73.88027","3.0","LAGUARDIA AIRPORT, NY US","  85.6","24","  65.8","24","1016.9","24","999.9"," 0","  7.6","24","  6.3","24"," 14.0","999.9","  97.0"," ","  73.9"," "," 0.00","G","999.9","000000"
"72503014732","2002-08-14","40.77945","-73.88027","3.0","LAGUARDIA AIRPORT, NY US","  85.5","24","  66.9","24","1017.7","24","999.9"," 0","  7.3","24","  9.7","24"," 17.1"," 20.0","  97.0"," ","  80.1"," "," 0.00","G","999.9","000000"
"72503014732","2002-08-15","40.77945","-73.88027","3.0","LAGUARDIA AIRPORT, NY US","  82.3","24","  68.5","24","1019.5","24","999.9"," 0","  9.9","24"," 11.3","24"," 22.9"," 27.0","  93.9"," ","  75.9"," "," 0.00","G","999.9","000000"
"72503014732","2002-08-16","40.77945","-73.88027","3.0","LAGUARDIA AIRPORT, NY US","  82.6","24","  73.0","24","1018.7","24","999.9"," 0","  9.6","24","  7.7","24"," 13.0","999.9","  91.9"," ","  75.9"," "," 0.00","G","999.9","010010"
"72503014732","2002-08-17","40.77945","-73.88027","3.0","LAGUARDIA AIRPORT, NY US","  84.8","24","  69.3","24","1015.6","24","999.9"," 0","  9.5","24","  7.8","24"," 12.0","999.9","  91.9"," ","  75.9"," "," 0.00","G","999.9","010000"
"72503014732","2002-08-18","40.77945","-73.88027","3.0","LAGUARDIA AIRPORT, NY US","  85.4","24","  69.8","24","1011.4","24","999.9"," 0","  9.2","24","  6.6","24"," 13.0"," 15.9","  95.0"," ","  78.1"," "," 0.00","G","999.9","000000"
"72503014732","2002-08-19","40.77945","-73.88027","3.0","LAGUARDIA AIRPORT, NY US","  84.7","24","  62.7","24","1011.0","24","999.9"," 0","  9.9","24","  7.4","24"," 13.0"," 19.0","  95.0"," ","  75.9"," "," 0.00","G","999.9","000000"
"72503014732","2002-08-20","40.77945","-73.88027","3.0","LAGUARDIA AIRPORT, NY US","  77.8","24","  65.7","24","1013.2","24","999.9"," 0","  9.5","24","  8.9","24"," 14.0"," 19.0","  93.0"," ","  68.0"," "," 0.51","G","999.9","110010"
"72503014732","2002-08-21","40.77945","-73.88027","3.0","LAGUARDIA AIRPORT, NY US","  76.0","24","  57.6","24","1022.8","24","999.9"," 0"," 10.0","24","  7.7","24"," 12.0"," 14.0","  84.0"," ","  68.0"," "," 0.00","I","999.9","000000"
"72503014732","2002-08-22","40.77945","-73.88027","3.0","LAGUARDIA AIRPORT, NY US","  76.4","24","  61.6","24","1021.6","24","999.9"," 0","  9.9","24","  9.5","24"," 15.0"," 18.1","  84.0"," ","  70.0"," "," 0.00","G","999.9","000000"
"72503014732","2002-08-23","40.77945","-73.88027","3.0","LAGUARDIA AIRPORT, NY US","  75.4","24","  67.1","24","1013.8","24","999.9"," 0","  9.2","24","  9.1","24"," 15.0","999.9","  84.0"," ","  71.1"," "," 0.25","G","999.9","110000"
"72503014732","2002-08-24","40.77945","-73.88027","3.0","LAGUARDIA AIRPORT, NY US","  70.2","24","  60.8","24","1012.2","24","999.9"," 0","  8.3","24","  6.8","24"," 11.1","999.9","  77.0"," ","  68.0"," "," 0.00","G","999.9","110000"
"72503014732","2002-08-25","40.77945","-73.88027","3.0","LAGUARDIA AIRPORT, NY US","  72.6","24","  63.1","24","1009.6","24","999.9"," 0","  9.0","24","  6.7","24"," 12.0","999.9","  84.0"," ","  64.9"," "," 0.65","G","999.9","110010"
"72503014732","2002-08-26","40.77945","-73.88027","3.0","LAGUARDIA AIRPORT, NY US","  76.4","24","  58.6","24","1014.8","24","999.9"," 0","  9.9","24","  4.7","24"," 10.1","999.9","  88.0"," ","  64.9"," "," 0.00","G","999.9","000000"
"72503014732","2002-08-27","40.77945","-73.88027","3.0","LAGUARDIA AIRPORT, NY US","  76.6","24","  63.4","24","1016.9","24","999.9"," 0","  9.7","24","  4.9","24","  8.9","999.9","  88.0"," ","  70.0"," "," 0.00","G","999.9","100000"
"72503014732","2002-08-28","40.77945","-73.88027","3.0","LAGUARDIA AIRPORT, NY US","  73.8","24","  60.6","24","1024.4","24","999.9"," 0","  9.9","24"," 11.8","24"," 18.1","999.9","  84.0"," ","  70.0"," "," 0.00","G","999.9","000000"
"72503014732","2002-08-29","40.77945","-73.88027","3.0","LAGUARDIA AIRPORT, NY US","  65.5","24","  61.5","24","1021.2","24","999.9"," 0","  6.6","24"," 14.5","24"," 22.9"," 28.0","  75.9"," ","  61.0"," "," 1.21","G","999.9","110000"
"72503014732","2002-08-30","40.77945","-73.88027","3.0","LAGUARDIA AIRPORT, NY US","  64.0","24","  59.6","24","1021.8","24","999.9"," 0","  9.0","24","  7.8","24"," 11.1","999.9","  73.4","*","  60.8","*"," 1.39","G","999.9","110000"
"72503014732","2002-08-31","40.77945","-73.88027","3.0","LAGUARDIA AIRPORT, NY US","  69.0","24","  61.6","24","1028.9","24","999.9"," 0","  9.9","24","  8.8","24"," 17.1"," 22.9","  73.9"," ","  61.0"," "," 0.00","G","999.9","000000"
"72503014732","2002-09-01","40.77945","-73.88027","3.0","LAGUARDIA AIRPORT, NY US","  63.8","24","  58.5","24","1029.5","24","999.9"," 0","  9.7","24"," 14.4","24"," 21.0"," 23.9","  73.0"," ","  60.1"," "," 0.00","G","999.9","010000"
"72503014732","2002-09-02","40.77945","-73.88027","3.0","LAGUARDIA AIRPORT, NY US","  64.2","24","  62.4","24","1019.6","24","999.9"," 0","  6.7","24"," 12.8","24"," 17.1"," 21.0","  68.0"," ","  60.1"," "," 2.15","G","999.9","110000"
"72503014732","2002-09-03","40.77945","-73.88027","3.0","LAGUARDIA AIRPORT, NY US","  70.8","24","  63.7","24","1015.6","24","999.9"," 0"," 10.0","24","  6.9","24"," 12.0","999.9","  82.9"," ","  62.1"," "," 0.98","G","999.9","000000"
"72503014732","2002-09-04","40.77945","-73.88027","3.0","LAGUARDIA AIRPORT, NY US","  77.6","24","  68.4","24","1012.7","24","999.9"," 0","  6.6","24","  7.2","24"," 14.0"," 18.1","  87.1"," ","  64.0"," "," 0.00","G","999.9","100000"
"72503014732","2002-09-05","40.77945","-73.88027","3.0","LAGUARDIA AIRPORT, NY US","  74.7","24","  58.7","24","1015.1","24","999.9"," 0","  9.9","24","  8.9","24"," 14.0"," 15.9","  87.1"," ","  68.0"," "," 0.00","G","999.9","000000"
"72503014732","2002-09-06","40.77945","-73.88027","3.0","LAGUARDIA AIRPORT, NY US","  70.2","24","  49.2","24","1020.1","24","999.9"," 0","  9.9","24","  7.3","24"," 14.0"," 15.9","  80.1"," ","  62.1"," "," 0.00","G","999.9","000000"
"72503014732","2002-09-07","40.77945","-73.88027","3.0","LAGUARDIA AIRPORT, NY US","  71.9","24","  57.5","24","1024.1","24","999.9"," 0","  9.9","24","  4.7","24"," 11.1","999.9","  82.9"," ","  62.1"," "," 0.00","G","999.9","000000"
"72503014732","2002-09-08","40.77945","-73.88027","3.0","LAGUARDIA AIRPORT, NY US","  72.9","24","  62.1","24","1025.2","24","999.9"," 0","  9.9","24","  5.6","24"," 12.0","999.9","  84.0"," ","  64.9"," "," 0.00","G","999.9","000000"
"72503014732","2002-09-09","40.77945","-73.88027","3.0","LAGUARDIA AIRPORT, NY US","  76.9","24","  64.2","24","1019.8","24","999.9"," 0","  9.9","24","  3.9","24"," 10.1","999.9","  91.0"," ","  66.0"," "," 0.00","G","999.9","000000"
"72503014732","2002-09-10","40.77945","-73.88027","3.0","LAGUARDIA AIRPORT, NY US","  78.6","24","  63.2","24","1011.8","24","999.9"," 0","  9.9","24","  6.4","24"," 14.0"," 15.0","  91.0"," ","  66.9"," "," 0.00","G","999.9","000000"
"72503014732","2002-09-11","40.77945","-73.88027","3.0","LAGUARDIA AIRPORT, NY US","  73.9","24","  64.4","24"," 999.3","24","999.9"," 0","  9.7","24"," 14.3","24"," 30.1"," 40.0","  88.0"," ","  69.1"," "," 0.00","G","999.9","000000"
"72503014732","2002-09-12","40.77945","-73.88027","3.0","LAGUARDIA AIRPORT, NY US","  64.8","24","  45.0","24","1012.5","24","999.9"," 0","  9.9","24"," 13.2","24"," 20.0"," 25.1","  78.1"," ","  57.0"," "," 0.00","G","999.9","000000"
"72503014732","2002-09-13","40.77945","-73.88027","3.0","LAGUARDIA AIRPORT, NY US","  72.7","24","  50.4","24","1017.5","24","999.9"," 0"," 10.0","24","  7.0","24"," 15.9"," 25.1","  84.0"," ","  57.0"," "," 0.00","G","999.9","000000"
"72503014732","2002-09-14","40.77945","-73.88027","3.0","LAGUARDIA AIRPORT, NY US","  74.6","24","  65.6","24","1020.2","24","999.9"," 0","  9.9","24","  8.9","24"," 15.9"," 22.0","  84.0"," ","  63.0"," "," 0.00","G","999.9","000000"
"72503014732","2002-09-15","40.77945","-73.88027","3.0","LAGUARDIA AIRPORT, NY US","  75.1","24","  72.7","24","1019.3","24","999.9"," 0","  8.5","24","  9.9","24"," 15.9"," 19.0","  81.0"," ","  66.9"," "," 0.08","G","999.9","110010"
"72503014732","2002-09-16","40.77945","-73.88027","3.0","LAGUARDIA AIRPORT, NY US","  74.8","24","  72.2","24","1014.5","24","999.9"," 0","  7.8","24","  8.4","24"," 15.0"," 19.0","  82.0"," ","  71.1"," "," 0.84","G","999.9","110000"
"72503014732","2002-09-17","40.77945","-73.88027","3.0","LAGUARDIA AIRPORT, NY US","  71.3","24","  61.0","24","1015.0","24","999.9"," 0","  9.7","24","  6.6","24"," 15.0","999.9","  82.0"," ","  64.0"," "," 0.10","G","999.9","000000"
"72503014732","2002-09-18","40.77945","-73.88027","3.0","LAGUARDIA AIRPORT, NY US","  71.1","24","  60.0","24","1017.3","24","999.9"," 0","  9.9","24","  5.7","24","  9.9","999.9","  79.0"," ","  64.0"," "," 0.00","G","999.9","000000"
"72503014732","2002-09-19","40.77945","-73.88027","3.0","LAGUARDIA AIRPORT, NY US","  70.0","24","  62.6","24","1018.7","24","999.9"," 0","  9.9","24","  5.8","24"," 11.1"," 15.9","  77.0"," ","  64.9"," "," 0.00","G","999.9","000000"
"72503014732","2002-09-20","40.77945","-73.88027","3.0","LAGUARDIA AIRPORT, NY US","  72.1","24","  66.6","24","1017.8","24","999.9"," 0","  9.9","24","  8.6","24"," 15.0"," 19.0","  81.0"," ","  64.9"," "," 0.00","G","999.9","000000"
"72503014732","2002-09-21","40.77945","-73.88027","3.0","LAGUARDIA AIRPORT, NY US","  74.6","24","  70.5","24","1015.5","24","999.9"," 0","  9.9","24","  9.2","24"," 14.0"," 19.0","  82.9"," ","  66.9"," "," 0.00","G","999.9","000000"
"72503014732","2002-09-22","40.77945","-73.88027","3.0","LAGUARDIA AIRPORT, NY US","  75.8","24","  68.6","24","1016.4","24","999.9"," 0","  9.9","24","  9.4","24"," 14.0","999.9","  82.9"," ","  71.1"," "," 0.00","G","999.9","000000"
"72503014732","2002-09-23","40.77945","-73.88027","3.0","LAGUARDIA AIRPORT, NY US","  72.4","24","  64.9","24","1016.0","24","999.9"," 0","  9.9","24","  9.8","24"," 14.0"," 20.0","  82.0"," ","  68.0"," "," 0.00","G","999.9","010000"
"72503014732","2002-09-24","40.77945","-73.88027","3.0","LAGUARDIA AIRPORT, NY US","  66.9","24","  51.8","24","1021.7","24","999.9"," 0"," 10.0","24","  7.9","24"," 11.1","999.9","  75.9"," ","  60.1"," "," 0.00","G","999.9","000000"
"72503014732","2002-09-25","40.77945","-73.88027","3.0","LAGUARDIA AIRPORT, NY US","  67.7","24","  54.5","24","1025.5","24","999.9"," 0","  9.9","24","  8.2","24"," 12.0","999.9","  75.9"," ","  60.1"," "," 0.00","G","999.9","000000"
"72503014732","2002-09-26","40.77945","-73.88027","3.0","LAGUARDIA AIRPORT, NY US","  63.7","24","  57.2","24","1022.8","24","999.9"," 0","  9.0","24"," 10.1","24"," 15.0","999.9","  73.0"," ","  57.0"," "," 0.00","G","999.9","110000"
"72503014732","2002-09-27","40.77945","-73.88027","3.0","LAGUARDIA AIRPORT, NY US","  62.3","24","  61.6","24","1012.4","24","999.9"," 0","  6.5","24"," 10.3","24"," 17.1"," 25.1","  73.9"," ","  55.9"," "," 1.95","G","999.9","110000"
"72503014732","2002-09-28","40.77945","-73.88027","3.0","LAGUARDIA AIRPORT, NY US","  71.0","24","  63.1","24","1009.2","24","999.9"," 0","  9.3","24"," 12.9","24"," 19.0"," 22.9","  75.0"," ","  57.0"," "," 0.26","G","999.9","110000"
"72503014732","2002-09-29","40.77945","-73.88027","3.0","LAGUARDIA AIRPORT, NY US","  62.8","24","  49.5","24","1023.0","24","999.9"," 0","  9.9","24","  7.5","24"," 10.1"," 14.0","  69.1","*","  55.4","*"," 0.01","G","999.9","000000"
"72503014732","2002-09-30","40.77945","-73.88027","3.0","LAGUARDIA AIRPORT, NY US","  65.3","24","  57.1","24","1025.2","24","999.9"," 0"," 10.0","24","  5.6","24"," 12.0","999.9","  72.0"," ","  55.9"," "," 0.00","G","999.9","000000"
"72503014732","2002-10-01","40.77945","-73.88027","3.0","LAGUARDIA AIRPORT, NY US","  70.0","24","  63.8","24","1021.2","24","999.9"," 0","  9.7","24","  8.8","24"," 13.0"," 19.0","  80.1"," ","  60.1"," "," 0.00","G","999.9","000000"
"72503014732","2002-10-02","40.77945","-73.88027","3.0","LAGUARDIA AIRPORT, NY US","  75.9","24","  69.1","24","1016.4","24","999.9"," 0","  6.9","24","  7.2","24"," 11.1","999.9","  87.1"," ","  63.0"," "," 0.00","G","999.9","100000"
"72503014732","2002-10-03","40.77945","-73.88027","3.0","LAGUARDIA AIRPORT, NY US","  76.6","24","  69.9","24","1014.2","24","999.9"," 0","  6.8","24","  8.6","24"," 15.9"," 16.9","  82.0","*","  66.2","*"," 0.00","G","999.9","110000"
"72503014732","2002-10-04","40.77945","-73.88027","3.0","LAGUARDIA AIRPORT, NY US","  62.9","24","  62.2","24","1021.1","24","999.9"," 0","  7.5","24"," 10.0","24"," 15.9","999.9","  82.0"," ","  59.0"," "," 0.04","G","999.9","110000"
"72503014732","2002-10-05","40.77945","-73.88027","3.0","LAGUARDIA AIRPORT, NY US","  75.6","24","  68.0","24","1011.8","24","999.9"," 0","  7.3","24"," 12.1","24"," 15.9"," 20.0","  82.9"," ","  59.0"," "," 0.05","G","999.9","110000"
"72503014732","2002-10-06","40.77945","-73.88027","3.0","LAGUARDIA AIRPORT, NY US","  63.2","24","  51.3","24","1022.8","24","999.9"," 0","  9.9","24"," 10.5","24"," 14.0"," 23.9","  82.9"," ","  57.0"," "," 0.02","G","999.9","000000"
"72503014732","2002-10-07","40.77945","-73.88027","3.0","LAGUARDIA AIRPORT, NY US","  66.8","24","  59.8","24","1016.3","24","999.9"," 0","  9.5","24","  9.7","24"," 15.9"," 21.0","  78.1"," ","  57.0"," "," 0.00","G","999.9","000000"
"72503014732","2002-10-08","40.77945","-73.88027","3.0","LAGUARDIA AIRPORT, NY US","  58.2","24","  48.2","24","1022.3","24","999.9"," 0","  9.9","24","  9.1","24"," 15.0"," 22.9","  64.9","*","  51.8","*"," 0.00","G","999.9","000000"
"72503014732","2002-10-09","40.77945","-73.88027","3.0","LAGUARDIA AIRPORT, NY US","  58.5","24","  51.0","24","1026.3","24","999.9"," 0","  9.9","24","  7.2","24"," 13.0","999.9","  64.9"," ","  52.0"," "," 0.00","G","999.9","000000"
"72503014732","2002-10-10","40.77945","-73.88027","3.0","LAGUARDIA AIRPORT, NY US","  61.8","24","  55.5","24","1026.4","24","999.9"," 0","  9.9","24","  8.2","24"," 12.0"," 18.1","  66.0"," ","  53.1"," "," 0.00","G","999.9","010000"
"72503014732","2002-10-11","40.77945","-73.88027","3.0","LAGUARDIA AIRPORT, NY US","  58.6","24","  57.1","24","1025.2","24","999.9"," 0","  5.1","24"," 12.1","24"," 20.0"," 21.0","  66.0"," ","  55.0"," "," 0.63","G","999.9","110000"
"72503014732","2002-10-12","40.77945","-73.88027","3.0","LAGUARDIA AIRPORT, NY US","  61.3","24","  61.0","24","1020.7","24","999.9"," 0","  2.8","24"," 16.0","24"," 20.0"," 26.0","  63.0"," ","  55.0"," "," 2.51","G","999.9","110000"
"72503014732","2002-10-13","40.77945","-73.88027","3.0","LAGUARDIA AIRPORT, NY US","  58.7","24","  57.8","24","1019.9","24","999.9"," 0","  5.2","24","  7.0","24"," 14.0","999.9","  63.0"," ","  57.0"," "," 0.92","G","999.9","110000"
"72503014732","2002-10-14","40.77945","-73.88027","3.0","LAGUARDIA AIRPORT, NY US","  55.3","24","  43.6","24","1022.6","24","999.9"," 0","  9.7","24"," 10.9","24"," 22.0"," 27.0","  62.1"," ","  48.9"," "," 0.04","G","999.9","000000"
"72503014732","2002-10-15","40.77945","-73.88027","3.0","LAGUARDIA AIRPORT, NY US","  51.0","24","  39.5","24","1023.7","24","999.9"," 0","  9.9","24","  8.6","24"," 11.1"," 14.0","  57.9"," ","  45.0"," "," 0.00","G","999.9","000000"
"72503014732","2002-10-16","40.77945","-73.88027","3.0","LAGUARDIA AIRPORT, NY US","  54.7","24","  52.8","24","1006.2","24","999.9"," 0","  6.0","24"," 19.0","24"," 31.1"," 35.9","  61.0"," ","  45.0"," "," 0.40","G","999.9","110000"
"72503014732","2002-10-17","40.77945","-73.88027","3.0","LAGUARDIA AIRPORT, NY US","  54.4","24","  47.7","24","1008.0","24","999.9"," 0","  9.9","24","  8.9","24"," 21.0","999.9","  61.0"," ","  50.0"," "," 0.43","G","999.9","010000"
"72503014732","2002-10-18","40.77945","-73.88027","3.0","LAGUARDIA AIRPORT, NY US","  52.3","24","  43.1","24","1016.9","24","999.9"," 0","  9.9","24"," 10.2","24"," 15.9","999.9","  57.0","*","  46.4","*"," 0.13","G","999.9","010000"
"72503014732","2002-10-19","40.77945","-73.88027","3.0","LAGUARDIA AIRPORT, NY US","  55.8","24","  44.7","24","1016.9","24","999.9"," 0","  9.9","24"," 10.6","24"," 19.0"," 26.0","  63.0"," ","  46.9"," "," 0.00","G","999.9","000000"
"72503014732","2002-10-20","40.77945","-73.88027","3.0","LAGUARDIA AIRPORT, NY US","  56.3","24","  44.2","24","1013.3","24","999.9"," 0"," 10.0","24","  9.7","24"," 15.0"," 21.0","  63.0"," ","  50.0"," "," 0.00","G","999.9","000000"
"72503014732","2002-10-21","40.77945","-73.88027","3.0","LAGUARDIA AIRPORT, NY US","  53.1","24","  39.9","24","1018.2","24","999.9"," 0","  9.9","24","  7.1","24"," 12.0"," 16.9","  55.9","*","  48.2","*"," 0.00","G","999.9","000000"
"72503014732","2002-10-22","40.77945","-73.88027","3.0","LAGUARDIA AIRPORT, NY US","  48.7","24","  38.2","24","1022.6","24","999.9"," 0","  9.9","24","  6.9","24"," 10.1","999.9","  57.0"," ","  42.1"," "," 0.00","G","999.9","000000"
"72503014732","2002-10-23","40.77945","-73.88027","3.0","LAGUARDIA AIRPORT, NY US","  51.0","24","  41.2","24","1022.9","24","999.9"," 0","  9.7","24","  8.4","24"," 18.1"," 21.0","  57.0"," ","  42.1"," "," 0.00","G","999.9","000000"
"72503014732","2002-10-24","40.77945","-73.88027","3.0","LAGUARDIA AIRPORT, NY US","  44.7","24","  28.9","24","1029.2","24","999.9"," 0","  9.9","24","  6.2","24"," 10.1"," 15.0","  53.1"," ","  39.0"," "," 0.00","G","999.9","000000"
"72503014732","2002-10-25","40.77945","-73.88027","3.0","LAGUARDIA AIRPORT, NY US","  48.0","24","  32.6","24","1028.7","24","999.9"," 0","  9.9","24","  6.4","24"," 10.1","999.9","  53.1"," ","  39.0"," "," 0.00","G","999.9","010000"
"72503014732","2002-10-26","40.77945","-73.88027","3.0","LAGUARDIA AIRPORT, NY US","  53.5","24","  50.9","24","1015.1","24","999.9"," 0","  7.9","24"," 11.7","24"," 17.1","999.9","  57.9"," ","  46.0"," "," 0.05","B","999.9","110000"
"72503014732","2002-10-27","40.77945","-73.88027","3.0","LAGUARDIA AIRPORT, NY US","  54.0","24","  42.9","24","1016.0","24","999.9"," 0","  9.9","24"," 10.0","24"," 18.1"," 25.1","  60.1"," ","  46.0"," "," 0.00","D","999.9","000000"
"72503014732","2002-10-28","40.77945","-73.88027","3.0","LAGUARDIA AIRPORT, NY US","  51.0","24","  36.6","24","1019.0","24","999.9"," 0","  9.9","24","  8.8","24"," 12.0","999.9","  60.1"," ","  48.0"," "," 0.00","G","999.9","000000"
"72503014732","2002-10-29","40.77945","-73.88027","3.0","LAGUARDIA AIRPORT, NY US","  44.3","24","  30.2","24","1020.8","24","999.9"," 0","  9.9","24","  8.8","24"," 12.0"," 15.0","  48.9","*","  39.2","*"," 0.00","G","999.9","000000"
"72503014732","2002-10-30","40.77945","-73.88027","3.0","LAGUARDIA AIRPORT, NY US","  42.4","24","  30.8","24","1016.1","24","999.9"," 0","  9.9","24"," 11.7","24"," 15.9"," 21.0","  46.0"," ","  39.0"," "," 0.02","G","999.9","011000"
"72503014732","2002-10-31","40.77945","-73.88027","3.0","LAGUARDIA AIRPORT, NY US","  42.5","24","  27.4","24","1015.3","24","999.9"," 0","  9.9","24","  7.9","24"," 12.0","999.9","  51.1","*","  37.4","*"," 0.06","G","999.9","010000"
"72503014732","2002-11-01","40.77945","-73.88027","3.0","LAGUARDIA AIRPORT, NY US","  46.5","24","  32.3","24","1014.5","24","999.9"," 0","  9.9","24","  8.3","24"," 14.0"," 22.9","  52.0"," ","  37.9"," "," 0.00","G","999.9","010000"
"72503014732","2002-11-02","40.77945","-73.88027","3.0","LAGUARDIA AIRPORT, NY US","  39.9","24","  28.5","24","1014.2","24","999.9"," 0","  9.9","24"," 11.9","24"," 17.1"," 25.1","  44.1","*","  35.6","*"," 0.00","G","999.9","000000"
"72503014732","2002-11-03","40.77945","-73.88027","3.0","LAGUARDIA AIRPORT, NY US","  43.0","24","  27.8","24","1018.0","24","999.9"," 0","  9.9","24"," 10.1","24"," 14.0"," 20.0","  46.0"," ","  36.0"," "," 0.00","G","999.9","000000"
"72503014732","2002-11-04","40.77945","-73.88027","3.0","LAGUARDIA AIRPORT, NY US","  45.6","24","  32.4","24","1018.6","24","999.9"," 0","  9.8","24","  5.5","24"," 14.0"," 18.1","  52.0"," ","  39.9"," "," 0.00","G","999.9","010000"
"72503014732","2002-11-05","40.77945","-73.88027","3.0","LAGUARDIA AIRPORT, NY US","  45.7","24","  35.9","24","1020.1","24","999.9"," 0","  9.9","24","  8.9","24"," 14.0","999.9","  52.0"," ","  42.1"," "," 0.03","G","999.9","000000"
"72503014732","2002-11-06","40.77945","-73.88027","3.0","LAGUARDIA AIRPORT, NY US","  48.2","24","  44.9","24","1002.4","24","999.9"," 0","  7.5","24"," 11.5","24"," 21.0"," 28.0","  51.1"," ","  42.1"," "," 0.63","G","999.9","110000"
"72503014732","2002-11-07","40.77945","-73.88027","3.0","LAGUARDIA AIRPORT, NY US","  45.5","24","  27.2","24","1009.4","24","999.9"," 0","  9.9","24"," 16.3","24"," 27.0"," 34.0","  51.1"," ","  42.1"," "," 0.46","G","999.9","000000"
"72503014732","2002-11-08","40.77945","-73.88027","3.0","LAGUARDIA AIRPORT, NY US","  47.4","24","  27.4","24","1019.1","24","999.9"," 0","  9.9","24","  9.6","24"," 18.1"," 25.1","  61.0"," ","  39.0"," "," 0.00","G","999.9","000000"
"72503014732","2002-11-09","40.77945","-73.88027","3.0","LAGUARDIA AIRPORT, NY US","  53.6","24","  44.4","24","1016.9","24","999.9"," 0","  9.0","24","  8.9","24"," 12.0","999.9","  61.0"," ","  39.9"," "," 0.00","G","999.9","000000"
"72503014732","2002-11-10","40.77945","-73.88027","3.0","LAGUARDIA AIRPORT, NY US","  58.8","24","  53.6","24","1013.3","24","999.9"," 0","  9.4","24","  8.0","24"," 15.0"," 22.0","  64.9"," ","  46.9"," "," 0.00","G","999.9","000000"
"72503014732","2002-11-11","40.77945","-73.88027","3.0","LAGUARDIA AIRPORT, NY US","  62.5","24","  61.1","24","1008.4","24","999.9"," 0","  6.5","24","  9.3","24"," 15.0"," 20.0","  68.0"," ","  54.0"," "," 0.00","G","999.9","110000"
"72503014732","2002-11-12","40.77945","-73.88027","3.0","LAGUARDIA AIRPORT, NY US","  56.1","24","  51.9","24","1017.6","24","999.9"," 0","  8.6","24","  7.4","24"," 15.9"," 21.0","  68.0"," ","  48.9"," "," 0.07","G","999.9","110000"
"72503014732","2002-11-13","40.77945","-73.88027","3.0","LAGUARDIA AIRPORT, NY US","  49.7","24","  45.0","24","1013.9","24","999.9"," 0","  9.0","24"," 11.7","24"," 15.9"," 22.9","  57.9"," ","  48.0"," "," 0.87","G","999.9","110000"
"72503014732","2002-11-14","40.77945","-73.88027","3.0","LAGUARDIA AIRPORT, NY US","  47.8","24","  36.1","24","1016.7","24","999.9"," 0","  9.9","24","  8.6","24"," 14.0","999.9","  55.9","*","  42.8","*"," 0.03","G","999.9","000000"
"72503014732","2002-11-15","40.77945","-73.88027","3.0","LAGUARDIA AIRPORT, NY US","  53.9","24","  40.1","24","1015.7","24","999.9"," 0"," 10.0","24","  7.8","24"," 10.1","999.9","  60.1"," ","  43.0"," "," 0.00","G","999.9","000000"
"72503014732","2002-11-16","40.77945","-73.88027","3.0","LAGUARDIA AIRPORT, NY US","  49.2","24","  40.7","24","1019.5","24","999.9"," 0","  9.1","24"," 13.5","24"," 23.9"," 32.1","  57.0","*","  42.8","*"," 0.00","G","999.9","110000"
"72503014732","2002-11-17","40.77945","-73.88027","3.0","LAGUARDIA AIRPORT, NY US","  41.4","24","  39.6","24","1008.3","24","999.9"," 0","  6.4","24"," 16.7","24"," 25.1"," 34.0","  54.0"," ","  39.0"," "," 0.99","G","999.9","110000"
"72503014732","2002-11-18","40.77945","-73.88027","3.0","LAGUARDIA AIRPORT, NY US","  42.5","24","  34.3","24","1010.0","24","999.9"," 0","  9.5","24"," 14.5","24"," 26.0"," 34.0","  48.2","*","  39.0","*"," 0.65","G","999.9","110000"
"72503014732","2002-11-19","40.77945","-73.88027","3.0","LAGUARDIA AIRPORT, NY US","  43.2","24","  32.2","24","1025.4","24","999.9"," 0","  9.9","24","  8.2","24"," 17.1"," 22.0","  50.0"," ","  37.9"," "," 0.08","G","999.9","010000"
"72503014732","2002-11-20","40.77945","-73.88027","3.0","LAGUARDIA AIRPORT, NY US","  49.1","24","  39.4","24","1022.9","24","999.9"," 0","  9.7","24","  5.7","24"," 10.1","999.9","  57.0"," ","  37.9"," "," 0.00","G","999.9","000000"
"72503014732","2002-11-21","40.77945","-73.88027","3.0","LAGUARDIA AIRPORT, NY US","  48.0","24","  43.1","24","1018.0","24","999.9"," 0","  7.6","24","  4.5","24","  8.9","999.9","  57.0"," ","  41.0"," "," 0.00","G","999.9","100000"
"72503014732","2002-11-22","40.77945","-73.88027","3.0","LAGUARDIA AIRPORT, NY US","  49.5","24","  48.5","24","1003.2","24","999.9"," 0","  4.0","24","  7.6","24"," 12.0","999.9","  55.0"," ","  41.0"," "," 0.36","G","999.9","110000"
"72503014732","2002-11-23","40.77945","-73.88027","3.0","LAGUARDIA AIRPORT, NY US","  42.3","24","  30.3","24","1001.9","24","999.9"," 0","  9.9","24"," 18.7","24"," 28.0"," 41.0","  48.9","*","  37.4","*"," 0.24","G","999.9","010000"
"72503014732","2002-11-24","40.77945","-73.88027","3.0","LAGUARDIA AIRPORT, NY US","  43.9","24","  27.9","24","1015.1","24","999.9"," 0","  9.9","24"," 13.9","24"," 21.0"," 26.0","  51.8","*","  39.0","*"," 0.00","G","999.9","000000"
"72503014732","2002-11-25","40.77945","-73.88027","3.0","LAGUARDIA AIRPORT, NY US","  48.4","24","  37.9","24","1020.0","24","999.9"," 0","  9.6","24","  4.9","24"," 12.0","999.9","  57.0"," ","  39.0"," "," 0.00","G","999.9","000000"
"72503014732","2002-11-26","40.77945","-73.88027","3.0","LAGUARDIA AIRPORT, NY US","  45.9","24","  32.8","24","1022.6","24","999.9"," 0","  9.9","24","  7.4","24"," 12.0","999.9","  57.0"," ","  39.9"," "," 0.00","G","999.9","000000"
"72503014732","2002-11-27","40.77945","-73.88027","3.0","LAGUARDIA AIRPORT, NY US","  38.1","24","  30.1","24","1017.6","24","999.9"," 0","  8.0","24"," 10.7","24"," 19.0"," 22.9","  46.9"," ","  33.1"," "," 0.34","G","999.9","111000"
"72503014732","2002-11-28","40.77945","-73.88027","3.0","LAGUARDIA AIRPORT, NY US","  30.3","24","  15.8","24","1020.1","24","999.9"," 0","  9.9","24"," 13.1","24"," 21.0"," 23.9","  41.0"," ","  26.1"," "," 0.01","G","999.9","000000"
"72503014732","2002-11-29","40.77945","-73.88027","3.0","LAGUARDIA AIRPORT, NY US","  34.0","24","  19.2","24","1010.7","24","999.9"," 0","  9.9","24"," 13.8","24"," 19.0"," 23.9","  41.0"," ","  26.1"," "," 0.00","G","999.9","001000"
"72503014732","2002-11-30","40.77945","-73.88027","3.0","LAGUARDIA AIRPORT, NY US","  44.5","24","  29.3","24"," 997.3","24","999.9"," 0","  9.9","24"," 10.0","24"," 17.1"," 22.9","  50.0"," ","  30.0"," "," 0.00","G","999.9","000000"
"72503014732","2002-12-01","40.77945","-73.88027","3.0","LAGUARDIA AIRPORT, NY US","  37.4","24","  19.3","24","1003.1","24","999.9"," 0","  9.9","24"," 19.2","24"," 30.1"," 39.0","  50.0"," ","  32.0"," "," 0.00","G","999.9","011000"
"72503014732","2002-12-02","40.77945","-73.88027","3.0","LAGUARDIA AIRPORT, NY US","  34.2","24","  13.0","24","1014.4","24","999.9"," 0","  9.9","24"," 11.2","24"," 14.0"," 21.0","  42.1"," ","  30.0"," "," 0.00","G","999.9","000000"
"72503014732","2002-12-03","40.77945","-73.88027","3.0","LAGUARDIA AIRPORT, NY US","  29.2","24","  10.6","24","1019.6","24","999.9"," 0","  9.9","24"," 15.2","24"," 22.9"," 27.0","  39.9"," ","  19.9"," "," 0.00","G","999.9","000000"
"72503014732","2002-12-04","40.77945","-73.88027","3.0","LAGUARDIA AIRPORT, NY US","  25.0","24","  10.8","24","1030.9","24","999.9"," 0","  9.9","24"," 11.5","24"," 18.1"," 23.9","  37.9"," ","  19.9"," "," 0.00","G","999.9","000000"
"72503014732","2002-12-05","40.77945","-73.88027","3.0","LAGUARDIA AIRPORT, NY US","  29.4","24","  19.7","24","1024.4","24","999.9"," 0","  5.9","24","  8.9","24"," 17.1","999.9","  32.0"," ","  21.0"," "," 0.00","G","  7.1","001000"
"72503014732","2002-12-06","40.77945","-73.88027","3.0","LAGUARDIA AIRPORT, NY US","  31.0","24","  22.0","24","1017.8","24","999.9"," 0","  9.3","24"," 10.3","24"," 14.0"," 16.9","  36.0"," ","  27.0"," "," 0.35","G","  5.1","101000"
"72503014732","2002-12-07","40.77945","-73.88027","3.0","LAGUARDIA AIRPORT, NY US","  31.3","24","  17.7","24","1023.3","24","999.9"," 0"," 10.0","24","  9.8","24"," 15.9"," 21.0","  36.0","*","  26.6","*"," 0.00","G","  3.1","000000"
"72503014732","2002-12-08","40.77945","-73.88027","3.0","LAGUARDIA AIRPORT, NY US","  37.2","24","  24.3","24","1019.5","24","999.9"," 0","  9.9","24"," 10.1","24"," 15.0"," 22.9","  45.0"," ","  27.0"," "," 0.00","G","  1.2","000000"
"72503014732","2002-12-09","40.77945","-73.88027","3.0","LAGUARDIA AIRPORT, NY US","  26.8","24","  10.6","24","1032.5","24","999.9"," 0","  9.9","24","  9.8","24"," 17.1"," 25.1","  45.0"," ","  19.9"," "," 0.00","G","  1.2","000000"
"72503014732","2002-12-10","40.77945","-73.88027","3.0","LAGUARDIA AIRPORT, NY US","  30.4","24","  12.9","24","1028.5","24","999.9"," 0"," 10.0","24","  5.3","24"," 10.1","999.9","  37.0"," ","  19.9"," "," 0.00","G","  1.2","000000"
"72503014732","2002-12-11","40.77945","-73.88027","3.0","LAGUARDIA AIRPORT, NY US","  35.6","24","  21.2","24","1019.9","24","999.9"," 0","  9.0","24"," 12.4","24"," 24.1"," 28.9","  42.1"," ","  27.0"," "," 0.00","G","999.9","010000"
"72503014732","2002-12-12","40.77945","-73.88027","3.0","LAGUARDIA AIRPORT, NY US","  40.9","24","  32.2","24","1014.7","24","999.9"," 0","  8.6","24"," 12.9","24"," 20.0"," 23.9","  46.9"," ","  32.0"," "," 0.90","G","999.9","110000"
"72503014732","2002-12-13","40.77945","-73.88027","3.0","LAGUARDIA AIRPORT, NY US","  39.7","24","  34.9","24","1020.7","24","999.9"," 0","  9.7","24","  7.1","24"," 12.0","999.9","  46.9"," ","  37.0"," "," 0.02","G","999.9","010000"
"72503014732","2002-12-14","40.77945","-73.88027","3.0","LAGUARDIA AIRPORT, NY US","  43.7","24","  42.3","24"," 997.9","24","999.9"," 0","  5.3","24"," 14.7","24"," 22.0"," 28.0","  46.0"," ","  37.0"," "," 0.57","G","999.9","110000"
"72503014732","2002-12-15","40.77945","-73.88027","3.0","LAGUARDIA AIRPORT, NY US","  43.1","24","  31.4","24","1003.5","24","999.9"," 0","  9.9","24"," 14.8","24"," 22.9"," 32.1","  46.0"," ","  41.0"," "," 0.03","G","999.9","000000"
"72503014732","2002-12-16","40.77945","-73.88027","3.0","LAGUARDIA AIRPORT, NY US","  41.4","24","  29.3","24","1004.8","24","999.9"," 0","  9.8","24"," 12.3","24"," 22.9"," 28.9","  46.0"," ","  32.0"," "," 0.01","G","999.9","010000"
"72503014732","2002-12-17","40.77945","-73.88027","3.0","LAGUARDIA AIRPORT, NY US","  28.3","24","  13.6","24","1022.7","24","999.9"," 0","  9.9","24"," 12.3","24"," 19.0"," 25.1","  45.0"," ","  24.1"," "," 0.00","D","999.9","000000"
"72503014732","2002-12-18","40.77945","-73.88027","3.0","LAGUARDIA AIRPORT, NY US","  29.7","24","  10.6","24","1031.4","24","999.9"," 0","  9.9","24","  6.6","24"," 19.0","999.9","  39.0"," ","  24.1"," "," 0.00","G","999.9","000000"
"72503014732","2002-12-19","40.77945","-73.88027","3.0","LAGUARDIA AIRPORT, NY US","  37.9","24","  23.6","24","1024.3","24","999.9"," 0","  9.9","24","  6.5","24"," 12.0","999.9","  45.0"," ","  24.1"," "," 0.00","G","999.9","000000"
"72503014732","2002-12-20","40.77945","-73.88027","3.0","LAGUARDIA AIRPORT, NY US","  49.3","24","  47.0","24","1004.0","24","999.9"," 0","  6.1","24","  7.8","24"," 16.9"," 25.1","  59.0"," ","  33.1"," "," 0.06","G","999.9","110000"
"72503014732","2002-12-21","40.77945","-73.88027","3.0","LAGUARDIA AIRPORT, NY US","  42.8","24","  28.5","24","1003.2","24","999.9"," 0"," 10.0","24"," 14.0","24"," 22.0"," 30.9","  59.0"," ","  39.0"," "," 0.47","G","999.9","010000"
"72503014732","2002-12-22","40.77945","-73.88027","3.0","LAGUARDIA AIRPORT, NY US","  44.2","24","  24.2","24","1007.3","24","999.9"," 0"," 10.0","24","  9.7","24"," 18.1"," 22.0","  53.1"," ","  39.0"," "," 0.00","G","999.9","000000"
"72503014732","2002-12-23","40.77945","-73.88027","3.0","LAGUARDIA AIRPORT, NY US","  43.0","24","  26.2","24","1010.2","24","999.9"," 0","  9.9","24"," 13.9","24"," 20.0"," 26.0","  53.1"," ","  37.9"," "," 0.00","G","999.9","000000"
"72503014732","2002-12-24","40.77945","-73.88027","3.0","LAGUARDIA AIRPORT, NY US","  38.5","24","  19.1","24","1015.2","24","999.9"," 0","  9.9","24"," 11.2","24"," 18.1"," 25.1","  43.0","*","  35.6","*"," 0.00","G","999.9","000000"
"72503014732","2002-12-25","40.77945","-73.88027","3.0","LAGUARDIA AIRPORT, NY US","  35.5","24","  31.3","24","1000.7","24","999.9"," 0","  5.3","24"," 14.7","24"," 25.1"," 32.1","  41.0"," ","  32.0"," "," 0.03","G","999.9","111000"
"72503014732","2002-12-26","40.77945","-73.88027","3.0","LAGUARDIA AIRPORT, NY US","  33.7","24","  26.7","24","1004.0","24","999.9"," 0","  7.9","24"," 17.5","24"," 22.0"," 28.9","  39.0"," ","  30.9"," "," 1.14","G","  3.9","101000"
"72503014732","2002-12-27","40.77945","-73.88027","3.0","LAGUARDIA AIRPORT, NY US","  36.3","24","  26.2","24","1021.1","24","999.9"," 0","  9.9","24"," 10.2","24"," 19.0"," 26.0","  39.0"," ","  30.9"," "," 0.02","G","  1.2","000000"
"72503014732","2002-12-28","40.77945","-73.88027","3.0","LAGUARDIA AIRPORT, NY US","  33.9","24","  23.6","24","1017.2","24","999.9"," 0","  9.9","24","  9.7","24"," 12.0"," 19.0","  39.0"," ","  30.0"," "," 0.00","G","  1.2","000000"
"72503014732","2002-12-29","40.77945","-73.88027","3.0","LAGUARDIA AIRPORT, NY US","  37.8","24","  29.1","24","1015.4","24","999.9"," 0","  9.9","24"," 10.2","24"," 17.1"," 20.0","  42.8","*","  35.1","*"," 0.00","G","  1.2","000000"
"72503014732","2002-12-30","40.77945","-73.88027","3.0","LAGUARDIA AIRPORT, NY US","  36.8","24","  25.9","24","1025.5","24","999.9"," 0"," 10.0","24","  7.5","24"," 12.0","999.9","  42.1"," ","  33.1"," "," 0.00","G","999.9","000000"
"72503014732","2002-12-31","40.77945","-73.88027","3.0","LAGUARDIA AIRPORT, NY US","  42.1","24","  38.8","24","1019.7","24","999.9"," 0","  8.4","24","  6.1","24"," 10.1","999.9","  52.0"," ","  33.1"," "," 0.01","G","999.9","110000"
